efficiency,photons,blinks,seed,pores,junk,ele_labelled,ele_detected,method,ele,corners_minus_detected,over,under
0.2,500,1,1,40,68,0.21452340308786344,0.17834028164896248,hard,0.11042264416960917,-1.875,0,38
0.2,500,1,1,40,68,0.21452340308786344,0.17834028164896248,hard all,0.16217808012541693,-0.15,12,18
0.2,500,1,1,40,68,0.21452340308786344,0.17834028164896248,dead k=0.5,0.08217040846276058,-2.15,0,40
0.2,500,1,1,40,68,0.21452340308786344,0.17834028164896248,dead k=1,0.08634691553607264,-2.45,0,40
0.2,500,1,1,40,68,0.21452340308786344,0.17834028164896248,dead k=2,nan,-3.3,0,40
0.2,500,1,1,40,68,0.21452340308786344,0.17834028164896248,dead k=0.5 all,0.08534352495786403,-1.75,1,36
0.2,500,1,1,40,68,0.21452340308786344,0.17834028164896248,dead k=1 all,0.08634691553607264,-2.425,0,39
0.2,500,1,1,40,68,0.21452340308786344,0.17834028164896248,soft t=0.5,0.11576057571381491,-1.85,0,38
0.2,500,1,1,40,68,0.21452340308786344,0.17834028164896248,soft t=1,nan,-3.5,0,40
0.2,500,1,1,40,68,0.21452340308786344,0.17834028164896248,relative f=0.2,0.11576057571381491,-1.85,0,38
0.2,500,1,1,40,68,0.21452340308786344,0.17834028164896248,relative f=0.3,0.11576057571381491,-1.85,0,38
0.2,500,1,1,40,68,0.21452340308786344,0.17834028164896248,relative f=0.3 all,0.17071302704622474,-0.05,15,17
0.2,500,1,1,40,68,0.21452340308786344,0.17834028164896248,hard true phase,0.10494992114787595,-1.9,0,38
0.2,500,1,1,40,68,0.21452340308786344,0.17834028164896248,hard true centre+phase,0.09851125238665233,-1.75,0,35
0.2,500,1,2,35,69,0.23992266951252636,0.2148881821404549,hard,0.07100660075153165,-2.7142857142857144,0,33
0.2,500,1,2,35,69,0.23992266951252636,0.2148881821404549,hard all,0.19244595374957663,-0.2857142857142857,8,15
0.2,500,1,2,35,69,0.23992266951252636,0.2148881821404549,dead k=0.5,0.05056220448709574,-2.8857142857142857,0,33
0.2,500,1,2,35,69,0.23992266951252636,0.2148881821404549,dead k=1,0.06830564837860965,-3.085714285714286,0,33
0.2,500,1,2,35,69,0.23992266951252636,0.2148881821404549,dead k=2,nan,-4.0285714285714285,0,35
0.2,500,1,2,35,69,0.23992266951252636,0.2148881821404549,dead k=0.5 all,0.10809452625591978,-2.085714285714286,0,30
0.2,500,1,2,35,69,0.23992266951252636,0.2148881821404549,dead k=1 all,0.09030506436277452,-2.8857142857142857,0,32
0.2,500,1,2,35,69,0.23992266951252636,0.2148881821404549,soft t=0.5,0.07100660075153165,-2.7142857142857144,0,33
0.2,500,1,2,35,69,0.23992266951252636,0.2148881821404549,soft t=1,nan,-4.257142857142857,0,35
0.2,500,1,2,35,69,0.23992266951252636,0.2148881821404549,relative f=0.2,0.07100660075153165,-2.7142857142857144,0,33
0.2,500,1,2,35,69,0.23992266951252636,0.2148881821404549,relative f=0.3,0.07100660075153165,-2.7142857142857144,0,33
0.2,500,1,2,35,69,0.23992266951252636,0.2148881821404549,relative f=0.3 all,0.2056173301421889,-0.5142857142857142,7,16
0.2,500,1,2,35,69,0.23992266951252636,0.2148881821404549,hard true phase,0.06276142603257603,-2.742857142857143,0,33
0.2,500,1,2,35,69,0.23992266951252636,0.2148881821404549,hard true centre+phase,0.06745213925649528,-2.657142857142857,0,33
0.2,500,1,3,29,65,0.23547235005941738,0.22446230735466088,hard,0.1083869323899878,-2.3448275862068964,1,27
0.2,500,1,3,29,65,0.23547235005941738,0.22446230735466088,hard all,0.181007500917315,-0.5517241379310345,5,15
0.2,500,1,3,29,65,0.23547235005941738,0.22446230735466088,dead k=0.5,0.08317391822800302,-2.586206896551724,0,28
0.2,500,1,3,29,65,0.23547235005941738,0.22446230735466088,dead k=1,0.054051792445937774,-2.9655172413793105,0,29
0.2,500,1,3,29,65,0.23547235005941738,0.22446230735466088,dead k=2,nan,-4.0344827586206895,0,29
0.2,500,1,3,29,65,0.23547235005941738,0.22446230735466088,dead k=0.5 all,0.07497521435405334,-2.0689655172413794,1,27
0.2,500,1,3,29,65,0.23547235005941738,0.22446230735466088,dead k=1 all,0.054051792445937774,-2.9310344827586206,0,29
0.2,500,1,3,29,65,0.23547235005941738,0.22446230735466088,soft t=0.5,0.1083869323899878,-2.3448275862068964,1,27
0.2,500,1,3,29,65,0.23547235005941738,0.22446230735466088,soft t=1,nan,-4.344827586206897,0,29
0.2,500,1,3,29,65,0.23547235005941738,0.22446230735466088,relative f=0.2,0.1083869323899878,-2.3448275862068964,1,27
0.2,500,1,3,29,65,0.23547235005941738,0.22446230735466088,relative f=0.3,0.1083869323899878,-2.3448275862068964,1,27
0.2,500,1,3,29,65,0.23547235005941738,0.22446230735466088,relative f=0.3 all,0.2227414341157034,-0.2413793103448276,9,13
0.2,500,1,3,29,65,0.23547235005941738,0.22446230735466088,hard true phase,0.10215844801130244,-2.3793103448275863,0,27
0.2,500,1,3,29,65,0.23547235005941738,0.22446230735466088,hard true centre+phase,0.10364106185485462,-2.3793103448275863,0,27
0.2,500,3,1,65,96,0.23126228470310198,0.22147859375384385,hard,0.16785677596939683,-1.0769230769230769,9,45
0.2,500,3,1,65,96,0.23126228470310198,0.22147859375384385,hard all,0.33729541765404614,1.2923076923076924,49,3
0.2,500,3,1,65,96,0.23126228470310198,0.22147859375384385,dead k=0.5,0.13128079701849865,-1.5692307692307692,3,52
0.2,500,3,1,65,96,0.23126228470310198,0.22147859375384385,dead k=1,0.1010555277746829,-2.0,1,57
0.2,500,3,1,65,96,0.23126228470310198,0.22147859375384385,dead k=2,0.022864658940412907,-3.4615384615384617,0,65
0.2,500,3,1,65,96,0.23126228470310198,0.22147859375384385,dead k=0.5 all,0.18624399864338523,-0.6153846153846154,9,34
0.2,500,3,1,65,96,0.23126228470310198,0.22147859375384385,dead k=1 all,0.10799489163710545,-1.9076923076923078,1,57
0.2,500,3,1,65,96,0.23126228470310198,0.22147859375384385,soft t=0.5,0.16932520630849554,-1.0615384615384615,9,44
0.2,500,3,1,65,96,0.23126228470310198,0.22147859375384385,soft t=1,0.09100286234789852,-2.353846153846154,0,58
0.2,500,3,1,65,96,0.23126228470310198,0.22147859375384385,relative f=0.2,0.16932520630849554,-1.0615384615384615,9,44
0.2,500,3,1,65,96,0.23126228470310198,0.22147859375384385,relative f=0.3,0.16638456327810341,-1.0923076923076922,9,44
0.2,500,3,1,65,96,0.23126228470310198,0.22147859375384385,relative f=0.3 all,0.39623014862693184,1.6923076923076923,52,5
0.2,500,3,1,65,96,0.23126228470310198,0.22147859375384385,hard true phase,0.16217808012557494,-1.0615384615384615,6,43
0.2,500,3,1,65,96,0.23126228470310198,0.22147859375384385,hard true centre+phase,0.15542049728742507,-1.0461538461538462,3,43
0.2,500,3,2,59,78,0.21504606290088304,0.20814959257676638,hard,0.15495144007755998,-0.9661016949152542,8,40
0.2,500,3,2,59,78,0.21504606290088304,0.20814959257676638,hard all,0.3056556721441701,1.305084745762712,44,1
0.2,500,3,2,59,78,0.21504606290088304,0.20814959257676638,dead k=0.5,0.13235623381439826,-1.3559322033898304,1,43
0.2,500,3,2,59,78,0.21504606290088304,0.20814959257676638,dead k=1,0.09671812923941916,-2.0,0,54
0.2,500,3,2,59,78,0.21504606290088304,0.20814959257676638,dead k=2,0.054051792445941126,-3.3220338983050848,0,59
0.2,500,3,2,59,78,0.21504606290088304,0.20814959257676638,dead k=0.5 all,0.17784353108598286,-0.559322033898305,11,29
0.2,500,3,2,59,78,0.21504606290088304,0.20814959257676638,dead k=1 all,0.11232128465136758,-1.88135593220339,1,52
0.2,500,3,2,59,78,0.21504606290088304,0.20814959257676638,soft t=0.5,0.15839864218604663,-0.9322033898305084,8,38
0.2,500,3,2,59,78,0.21504606290088304,0.20814959257676638,soft t=1,0.11042264417066953,-2.2711864406779663,0,51
0.2,500,3,2,59,78,0.21504606290088304,0.20814959257676638,relative f=0.2,0.15667850002530662,-0.9491525423728814,8,38
0.2,500,3,2,59,78,0.21504606290088304,0.20814959257676638,relative f=0.3,0.15321713773204534,-0.9830508474576272,7,38
0.2,500,3,2,59,78,0.21504606290088304,0.20814959257676638,relative f=0.3 all,0.37056230352548697,1.8983050847457628,48,2
0.2,500,3,2,59,78,0.21504606290088304,0.20814959257676638,hard true phase,0.15377144543565566,-1.0,4,36
0.2,500,3,2,59,78,0.21504606290088304,0.20814959257676638,hard true centre+phase,0.1543490427090926,-1.0508474576271187,4,39
0.2,500,3,3,56,73,0.2152972662748645,0.208149592576767,hard,0.15384234168422473,-0.8928571428571429,8,33
0.2,500,3,3,56,73,0.2152972662748645,0.208149592576767,hard all,0.30992485884851767,1.25,44,7
0.2,500,3,3,56,73,0.2152972662748645,0.208149592576767,dead k=0.5,0.13849218134502625,-1.3214285714285714,2,40
0.2,500,3,3,56,73,0.2152972662748645,0.208149592576767,dead k=1,0.10894404799058754,-1.9821428571428572,1,51
0.2,500,3,3,56,73,0.2152972662748645,0.208149592576767,dead k=2,0.05056220448708704,-3.4285714285714284,0,56
0.2,500,3,3,56,73,0.2152972662748645,0.208149592576767,dead k=0.5 all,0.17821115548064245,-0.6071428571428571,8,29
0.2,500,3,3,56,73,0.2152972662748645,0.208149592576767,dead k=1 all,0.10494992114769336,-1.9107142857142858,1,51
0.2,500,3,3,56,73,0.2152972662748645,0.208149592576767,soft t=0.5,0.15716082337912865,-0.8571428571428571,8,32
0.2,500,3,3,56,73,0.2152972662748645,0.208149592576767,soft t=1,0.12608286245294956,-2.107142857142857,1,50
0.2,500,3,3,56,73,0.2152972662748645,0.208149592576767,relative f=0.2,0.15550487153088094,-0.875,7,32
0.2,500,3,3,56,73,0.2152972662748645,0.208149592576767,relative f=0.3,0.15550487153088094,-0.875,7,32
0.2,500,3,3,56,73,0.2152972662748645,0.208149592576767,relative f=0.3 all,0.4107244962372831,2.0892857142857144,51,1
0.2,500,3,3,56,73,0.2152972662748645,0.208149592576767,hard true phase,0.15097614175448576,-0.9642857142857143,7,35
0.2,500,3,3,56,73,0.2152972662748645,0.208149592576767,hard true centre+phase,0.15730146091176833,-0.9642857142857143,6,36
0.2,500,10,1,85,150,0.22159733804469886,0.22078762187616144,hard,0.25154819075706564,0.4470588235294118,43,17
0.2,500,10,1,85,150,0.22159733804469886,0.22078762187616144,hard all,0.5106268722322177,2.5294117647058822,84,0
0.2,500,10,1,85,150,0.22159733804469886,0.22078762187616144,dead k=0.5,0.21202958366890823,-0.10588235294117647,26,32
0.2,500,10,1,85,150,0.22159733804469886,0.22078762187616144,dead k=1,0.17537233254283274,-0.6941176470588235,11,50
0.2,500,10,1,85,150,0.22159733804469886,0.22078762187616144,dead k=2,0.11335006232393112,-2.223529411764706,0,80
0.2,500,10,1,85,150,0.22159733804469886,0.22078762187616144,dead k=0.5 all,0.2902116669134323,0.9764705882352941,60,6
0.2,500,10,1,85,150,0.22159733804469886,0.22078762187616144,dead k=1 all,0.18395083460444173,-0.5529411764705883,12,46
0.2,500,10,1,85,150,0.22159733804469886,0.22078762187616144,soft t=0.5,0.2744305803695059,0.8,54,9
0.2,500,10,1,85,150,0.22159733804469886,0.22078762187616144,soft t=1,0.22453335945666447,-0.11764705882352941,30,35
0.2,500,10,1,85,150,0.22159733804469886,0.22078762187616144,relative f=0.2,0.2539732516869491,0.5176470588235295,47,21
0.2,500,10,1,85,150,0.22159733804469886,0.22078762187616144,relative f=0.3,0.22883559210073737,0.21176470588235294,40,28
0.2,500,10,1,85,150,0.22159733804469886,0.22078762187616144,relative f=0.3 all,0.5306446221828882,2.6,82,0
0.2,500,10,1,85,150,0.22159733804469886,0.22078762187616144,hard true phase,0.26161839325167446,0.5647058823529412,47,17
0.2,500,10,1,85,150,0.22159733804469886,0.22078762187616144,hard true centre+phase,0.2358398549939975,0.25882352941176473,33,23
0.2,500,10,2,80,133,0.2212757667993832,0.215205476200095,hard,0.2289354743945667,0.0875,29,21
0.2,500,10,2,80,133,0.2212757667993832,0.215205476200095,hard all,0.44208600782485763,2.2125,70,0
0.2,500,10,2,80,133,0.2212757667993832,0.215205476200095,dead k=0.5,0.1913967920350393,-0.4,14,31
0.2,500,10,2,80,133,0.2212757667993832,0.215205476200095,dead k=1,0.1674025342961866,-0.9125,3,44
0.2,500,10,2,80,133,0.2212757667993832,0.215205476200095,dead k=2,0.11380877631008969,-2.4,0,76
0.2,500,10,2,80,133,0.2212757667993832,0.215205476200095,dead k=0.5 all,0.255497771863064,0.4875,41,13
0.2,500,10,2,80,133,0.2212757667993832,0.215205476200095,dead k=1 all,0.17594228239444326,-0.7125,8,43
0.2,500,10,2,80,133,0.2212757667993832,0.215205476200095,soft t=0.5,0.24754069028686418,0.35,36,15
0.2,500,10,2,80,133,0.2212757667993832,0.215205476200095,soft t=1,0.2005194769881541,-0.4375,16,33
0.2,500,10,2,80,133,0.2212757667993832,0.215205476200095,relative f=0.2,0.23908227584010538,0.25,32,17
0.2,500,10,2,80,133,0.2212757667993832,0.215205476200095,relative f=0.3,0.21331997753977985,-0.1,23,30
0.2,500,10,2,80,133,0.2212757667993832,0.215205476200095,relative f=0.3 all,0.47397215908255336,2.375,73,0
0.2,500,10,2,80,133,0.2212757667993832,0.215205476200095,hard true phase,0.23073539946513194,0.15,28,17
0.2,500,10,2,80,133,0.2212757667993832,0.215205476200095,hard true centre+phase,0.2214469820512618,0.0375,23,20
0.2,500,10,3,77,113,0.22652538855883547,0.22543703709720408,hard,0.26010651239620086,0.5454545454545454,38,11
0.2,500,10,3,77,113,0.22652538855883547,0.22543703709720408,hard all,0.49838226070577346,2.4415584415584415,73,1
0.2,500,10,3,77,113,0.22652538855883547,0.22543703709720408,dead k=0.5,0.22504863728681324,-0.12987012987012986,19,26
0.2,500,10,3,77,113,0.22652538855883547,0.22543703709720408,dead k=1,0.1756775637386592,-0.7922077922077922,9,42
0.2,500,10,3,77,113,0.22652538855883547,0.22543703709720408,dead k=2,0.10150874511276713,-2.3376623376623376,0,70
0.2,500,10,3,77,113,0.22652538855883547,0.22543703709720408,dead k=0.5 all,0.28513960922132703,0.7272727272727273,43,10
0.2,500,10,3,77,113,0.22652538855883547,0.22543703709720408,dead k=1 all,0.1876506397588514,-0.6103896103896104,12,39
0.2,500,10,3,77,113,0.22652538855883547,0.22543703709720408,soft t=0.5,0.28175770146902657,0.7922077922077922,49,10
0.2,500,10,3,77,113,0.22652538855883547,0.22543703709720408,soft t=1,0.2394668231825493,0.06493506493506493,25,21
0.2,500,10,3,77,113,0.22652538855883547,0.22543703709720408,relative f=0.2,0.2676386752708852,0.5844155844155844,41,16
0.2,500,10,3,77,113,0.22652538855883547,0.22543703709720408,relative f=0.3,0.23776791320107815,0.23376623376623376,31,22
0.2,500,10,3,77,113,0.22652538855883547,0.22543703709720408,relative f=0.3 all,0.5152971800679865,2.5064935064935066,71,2
0.2,500,10,3,77,113,0.22652538855883547,0.22543703709720408,hard true phase,0.27108694794455357,0.6233766233766234,38,8
0.2,500,10,3,77,113,0.22652538855883547,0.22543703709720408,hard true centre+phase,0.25590240860357744,0.4025974025974026,32,12
0.2,5000,1,1,139,4,0.21103767279139543,0.20699502072980655,hard,0.19128018223998247,-0.2158273381294964,8,36
0.2,5000,1,1,139,4,0.21103767279139543,0.20699502072980655,hard all,0.20180168981297972,-0.06474820143884892,14,23
0.2,5000,1,1,139,4,0.21103767279139543,0.20699502072980655,dead k=0.5,0.17994467943609202,-0.381294964028777,2,48
0.2,5000,1,1,139,4,0.21103767279139543,0.20699502072980655,dead k=1,0.16920297711051557,-0.5467625899280576,2,59
0.2,5000,1,1,139,4,0.21103767279139543,0.20699502072980655,dead k=2,0.14121397793985224,-1.1151079136690647,1,94
0.2,5000,1,1,139,4,0.21103767279139543,0.20699502072980655,dead k=0.5 all,0.18290533544754414,-0.34532374100719426,3,45
0.2,5000,1,1,139,4,0.21103767279139543,0.20699502072980655,dead k=1 all,0.16920297711051557,-0.5467625899280576,2,59
0.2,5000,1,1,139,4,0.21103767279139543,0.20699502072980655,soft t=0.5,0.19244595374968929,-0.2014388489208633,9,35
0.2,5000,1,1,139,4,0.21103767279139543,0.20699502072980655,soft t=1,0.11940142904369427,-2.3309352517985613,0,130
0.2,5000,1,1,139,4,0.21103767279139543,0.20699502072980655,relative f=0.2,0.19244595374968929,-0.2014388489208633,9,35
0.2,5000,1,1,139,4,0.21103767279139543,0.20699502072980655,relative f=0.3,0.19244595374968929,-0.20863309352517986,9,36
0.2,5000,1,1,139,4,0.21103767279139543,0.20699502072980655,relative f=0.3 all,0.20175467720682577,-0.09352517985611511,13,26
0.2,5000,1,1,139,4,0.21103767279139543,0.20699502072980655,hard true phase,0.18836194159881767,-0.2517985611510791,3,35
0.2,5000,1,1,139,4,0.21103767279139543,0.20699502072980655,hard true centre+phase,0.18894629584901773,-0.2446043165467626,3,35
0.2,5000,1,2,137,3,0.20757648221638578,0.20184801601062616,hard,0.18368021530441525,-0.27007299270072993,4,32
0.2,5000,1,2,137,3,0.20757648221638578,0.20184801601062616,hard all,0.19783785500994228,-0.051094890510948905,12,17
0.2,5000,1,2,137,3,0.20757648221638578,0.20184801601062616,dead k=0.5,0.17192209422958887,-0.45255474452554745,1,50
0.2,5000,1,2,137,3,0.20757648221638578,0.20184801601062616,dead k=1,0.16297169103605438,-0.6131386861313869,1,65
0.2,5000,1,2,137,3,0.20757648221638578,0.20184801601062616,dead k=2,0.1424141434770938,-1.0364963503649636,0,92
0.2,5000,1,2,137,3,0.20757648221638578,0.20184801601062616,dead k=0.5 all,0.17339430358630423,-0.41605839416058393,2,46
0.2,5000,1,2,137,3,0.20757648221638578,0.20184801601062616,dead k=1 all,0.1642256782122949,-0.5985401459854015,1,64
0.2,5000,1,2,137,3,0.20757648221638578,0.20184801601062616,soft t=0.5,0.18368021530441525,-0.27007299270072993,4,32
0.2,5000,1,2,137,3,0.20757648221638578,0.20184801601062616,soft t=1,0.10906765406504067,-2.218978102189781,0,130
0.2,5000,1,2,137,3,0.20757648221638578,0.20184801601062616,relative f=0.2,0.18368021530441525,-0.27007299270072993,4,32
0.2,5000,1,2,137,3,0.20757648221638578,0.20184801601062616,relative f=0.3,0.18368021530441525,-0.27007299270072993,4,32
0.2,5000,1,2,137,3,0.20757648221638578,0.20184801601062616,relative f=0.3 all,0.1931399475721924,-0.13138686131386862,9,21
0.2,5000,1,2,137,3,0.20757648221638578,0.20184801601062616,hard true phase,0.18543805778377925,-0.24817518248175183,6,32
0.2,5000,1,2,137,3,0.20757648221638578,0.20184801601062616,hard true centre+phase,0.18327913425104853,-0.25547445255474455,3,32
0.2,5000,1,3,128,2,0.21129196328267782,0.20689343235973023,hard,0.1885079681164715,-0.25,7,32
0.2,5000,1,3,128,2,0.21129196328267782,0.20689343235973023,hard all,0.2062804254470661,0.015625,20,18
0.2,5000,1,3,128,2,0.21129196328267782,0.20689343235973023,dead k=0.5,0.18125837908563752,-0.421875,3,45
0.2,5000,1,3,128,2,0.21129196328267782,0.20689343235973023,dead k=1,0.1784346593518853,-0.5859375,1,55
0.2,5000,1,3,128,2,0.21129196328267782,0.20689343235973023,dead k=2,0.16175193453406544,-1.0390625,1,84
0.2,5000,1,3,128,2,0.21129196328267782,0.20689343235973023,dead k=0.5 all,0.18320811650940408,-0.3359375,5,43
0.2,5000,1,3,128,2,0.21129196328267782,0.20689343235973023,dead k=1 all,0.17869574254662243,-0.5625,1,54
0.2,5000,1,3,128,2,0.21129196328267782,0.20689343235973023,soft t=0.5,0.18914405609407625,-0.2421875,8,32
0.2,5000,1,3,128,2,0.21129196328267782,0.20689343235973023,soft t=1,0.11479945287212906,-2.21875,1,120
0.2,5000,1,3,128,2,0.21129196328267782,0.20689343235973023,relative f=0.2,0.18914405609407625,-0.2421875,8,32
0.2,5000,1,3,128,2,0.21129196328267782,0.20689343235973023,relative f=0.3,0.18914405609407625,-0.2421875,8,32
0.2,5000,1,3,128,2,0.21129196328267782,0.20689343235973023,relative f=0.3 all,0.1981835053591999,-0.0859375,15,26
0.2,5000,1,3,128,2,0.21129196328267782,0.20689343235973023,hard true phase,0.18962973456135485,-0.2578125,5,30
0.2,5000,1,3,128,2,0.21129196328267782,0.20689343235973023,hard true centre+phase,0.18740363031084725,-0.2421875,3,27
0.2,5000,3,1,145,6,0.20540483222290212,0.20375853104399136,hard,0.20542388825659394,0.041379310344827586,19,14
0.2,5000,3,1,145,6,0.20540483222290212,0.20375853104399136,hard all,0.2255570704309057,0.31724137931034485,46,5
0.2,5000,3,1,145,6,0.20540483222290212,0.20375853104399136,dead k=0.5,0.19662305526023827,-0.0896551724137931,8,21
0.2,5000,3,1,145,6,0.20540483222290212,0.20375853104399136,dead k=1,0.19045055218517082,-0.18620689655172415,4,29
0.2,5000,3,1,145,6,0.20540483222290212,0.20375853104399136,dead k=2,0.17961799670102907,-0.4,0,47
0.2,5000,3,1,145,6,0.20540483222290212,0.20375853104399136,dead k=0.5 all,0.20101489220954386,-0.034482758620689655,14,19
0.2,5000,3,1,145,6,0.20540483222290212,0.20375853104399136,dead k=1 all,0.19155937634667272,-0.1724137931034483,5,28
0.2,5000,3,1,145,6,0.20540483222290212,0.20375853104399136,soft t=0.5,0.20596896318063534,0.04827586206896552,20,14
0.2,5000,3,1,145,6,0.20540483222290212,0.20375853104399136,soft t=1,0.1821182021767063,-0.4827586206896552,5,57
0.2,5000,3,1,145,6,0.20540483222290212,0.20375853104399136,relative f=0.2,0.20211236536737584,-0.020689655172413793,17,19
0.2,5000,3,1,145,6,0.20540483222290212,0.20375853104399136,relative f=0.3,0.1852885602337873,-0.2689655172413793,14,45
0.2,5000,3,1,145,6,0.20540483222290212,0.20375853104399136,relative f=0.3 all,0.19868722649006587,-0.10344827586206896,20,34
0.2,5000,3,1,145,6,0.20540483222290212,0.20375853104399136,hard true phase,0.20760052722930455,0.04827586206896552,16,12
0.2,5000,3,1,145,6,0.20540483222290212,0.20375853104399136,hard true centre+phase,0.19991732188938854,-0.04827586206896552,7,14
0.2,5000,3,2,141,3,0.20927957558780627,0.2098569973604151,hard,0.2132749699125278,0.0425531914893617,18,13
0.2,5000,3,2,141,3,0.20927957558780627,0.2098569973604151,hard all,0.22788728549585144,0.2695035460992908,39,5
0.2,5000,3,2,141,3,0.20927957558780627,0.2098569973604151,dead k=0.5,0.20644293391173973,-0.0425531914893617,12,18
0.2,5000,3,2,141,3,0.20927957558780627,0.2098569973604151,dead k=1,0.19497099593229728,-0.20567375886524822,6,32
0.2,5000,3,2,141,3,0.20927957558780627,0.2098569973604151,dead k=2,0.1721969749243954,-0.5531914893617021,3,61
0.2,5000,3,2,141,3,0.20927957558780627,0.2098569973604151,dead k=0.5 all,0.21154079059166753,0.0425531914893617,18,12
0.2,5000,3,2,141,3,0.20927957558780627,0.2098569973604151,dead k=1 all,0.196117908740651,-0.19148936170212766,7,31
0.2,5000,3,2,141,3,0.20927957558780627,0.2098569973604151,soft t=0.5,0.215556699674321,0.07092198581560284,20,12
0.2,5000,3,2,141,3,0.20927957558780627,0.2098569973604151,soft t=1,0.1790008502378525,-0.5957446808510638,9,75
0.2,5000,3,2,141,3,0.20927957558780627,0.2098569973604151,relative f=0.2,0.21270495807514972,0.03546099290780142,19,15
0.2,5000,3,2,141,3,0.20927957558780627,0.2098569973604151,relative f=0.3,0.19371810473857515,-0.24113475177304963,15,39
0.2,5000,3,2,141,3,0.20927957558780627,0.2098569973604151,relative f=0.3 all,0.20757226845941074,-0.07092198581560284,21,26
0.2,5000,3,2,141,3,0.20927957558780627,0.2098569973604151,hard true phase,0.2115653796455651,0.02127659574468085,14,11
0.2,5000,3,2,141,3,0.20927957558780627,0.2098569973604151,hard true centre+phase,0.2092877652274448,-0.0070921985815602835,11,12
0.2,5000,3,3,128,8,0.20753135873079365,0.20444122058468914,hard,0.20563758372356575,-0.03125,15,20
0.2,5000,3,3,128,8,0.20753135873079365,0.20444122058468914,hard all,0.22117197123200383,0.21875,29,7
0.2,5000,3,3,128,8,0.20753135873079365,0.20444122058468914,dead k=0.5,0.19612253249498848,-0.171875,4,26
0.2,5000,3,3,128,8,0.20753135873079365,0.20444122058468914,dead k=1,0.19168452313946516,-0.2265625,1,30
0.2,5000,3,3,128,8,0.20753135873079365,0.20444122058468914,dead k=2,0.18436004635541248,-0.421875,0,46
0.2,5000,3,3,128,8,0.20753135873079365,0.20444122058468914,dead k=0.5 all,0.19873176360095354,-0.1171875,6,21
0.2,5000,3,3,128,8,0.20753135873079365,0.20444122058468914,dead k=1 all,0.19168452313946516,-0.2265625,1,30
0.2,5000,3,3,128,8,0.20753135873079365,0.20444122058468914,soft t=0.5,0.20626547489538236,-0.0234375,16,20
0.2,5000,3,3,128,8,0.20753135873079365,0.20444122058468914,soft t=1,0.1774279351152929,-0.5546875,3,57
0.2,5000,3,3,128,8,0.20753135873079365,0.20444122058468914,relative f=0.2,0.2024531032212897,-0.09375,13,25
0.2,5000,3,3,128,8,0.20753135873079365,0.20444122058468914,relative f=0.3,0.1899738114732963,-0.3125,8,40
0.2,5000,3,3,128,8,0.20753135873079365,0.20444122058468914,relative f=0.3 all,0.20107336602987003,-0.15625,13,30
0.2,5000,3,3,128,8,0.20753135873079365,0.20444122058468914,hard true phase,0.20626547489534267,-0.015625,15,18
0.2,5000,3,3,128,8,0.20753135873079365,0.20444122058468914,hard true centre+phase,0.20249866459353252,-0.0703125,10,19
0.2,5000,10,1,149,6,0.20334418557070763,0.20281039636310602,hard,0.2266861910674214,0.3422818791946309,50,5
0.2,5000,10,1,149,6,0.20334418557070763,0.20281039636310602,hard all,0.2803732905592049,0.9865771812080537,100,2
0.2,5000,10,1,149,6,0.20334418557070763,0.20281039636310602,dead k=0.5,0.20867662042577143,0.11409395973154363,22,7
0.2,5000,10,1,149,6,0.20334418557070763,0.20281039636310602,dead k=1,0.20227660859035174,-0.006711409395973154,10,10
0.2,5000,10,1,149,6,0.20334418557070763,0.20281039636310602,dead k=2,0.1955244581605913,-0.16778523489932887,0,23
0.2,5000,10,1,149,6,0.20334418557070763,0.20281039636310602,dead k=0.5 all,0.2160662813871869,0.2080536912751678,30,5
0.2,5000,10,1,149,6,0.20334418557070763,0.20281039636310602,dead k=1 all,0.20334418557070777,0.006711409395973154,11,10
0.2,5000,10,1,149,6,0.20334418557070763,0.20281039636310602,soft t=0.5,0.23526771592226292,0.44966442953020136,62,5
0.2,5000,10,1,149,6,0.20334418557070763,0.20281039636310602,soft t=1,0.21083976801973559,0.0738255033557047,26,16
0.2,5000,10,1,149,6,0.20334418557070763,0.20281039636310602,relative f=0.2,0.1820980619546116,-0.24161073825503357,15,42
0.2,5000,10,1,149,6,0.20334418557070763,0.20281039636310602,relative f=0.3,0.16776675106518096,-0.436241610738255,8,56
0.2,5000,10,1,149,6,0.20334418557070763,0.20281039636310602,relative f=0.3 all,0.18957346621957438,-0.1476510067114094,25,46
0.2,5000,10,1,149,6,0.20334418557070763,0.20281039636310602,hard true phase,0.22466563527414204,0.2953020134228188,43,3
0.2,5000,10,1,149,6,0.20334418557070763,0.20281039636310602,hard true centre+phase,0.21771793586266472,0.2080536912751678,32,4
0.2,5000,10,2,141,7,0.21040995260917555,0.20871453902234488,hard,0.229441441903694,0.3049645390070922,44,3
0.2,5000,10,2,141,7,0.21040995260917555,0.20871453902234488,hard all,0.27352750721716457,0.8368794326241135,89,1
0.2,5000,10,2,141,7,0.21040995260917555,0.20871453902234488,dead k=0.5,0.21205023705517112,0.0851063829787234,18,6
0.2,5000,10,2,141,7,0.21040995260917555,0.20871453902234488,dead k=1,0.2087227870626906,-0.0425531914893617,8,14
0.2,5000,10,2,141,7,0.21040995260917555,0.20871453902234488,dead k=2,0.1988480531759891,-0.20567375886524822,1,28
0.2,5000,10,2,141,7,0.21040995260917555,0.20871453902234488,dead k=0.5 all,0.2193139746105037,0.1773049645390071,26,5
0.2,5000,10,2,141,7,0.21040995260917555,0.20871453902234488,dead k=1 all,0.20929607444506554,-0.03546099290780142,9,14
0.2,5000,10,2,141,7,0.21040995260917555,0.20871453902234488,soft t=0.5,0.235118532611491,0.375886524822695,52,2
0.2,5000,10,2,141,7,0.21040995260917555,0.20871453902234488,soft t=1,0.2121642109204517,0.0,19,19
0.2,5000,10,2,141,7,0.21040995260917555,0.20871453902234488,relative f=0.2,0.1989164576359392,-0.18439716312056736,13,33
0.2,5000,10,2,141,7,0.21040995260917555,0.20871453902234488,relative f=0.3,0.17508988068693296,-0.475177304964539,7,62
0.2,5000,10,2,141,7,0.21040995260917555,0.20871453902234488,relative f=0.3 all,0.19221792363844709,-0.22695035460992907,17,44
0.2,5000,10,2,141,7,0.21040995260917555,0.20871453902234488,hard true phase,0.22492801653820751,0.24822695035460993,35,3
0.2,5000,10,2,141,7,0.21040995260917555,0.20871453902234488,hard true centre+phase,0.22052271162918996,0.1702127659574468,28,5
0.2,5000,10,3,132,6,0.20876309319333602,0.20876309319333602,hard,0.23517154824962322,0.3484848484848485,47,4
0.2,5000,10,3,132,6,0.20876309319333602,0.20876309319333602,hard all,0.28777507091527177,0.9924242424242424,88,1
0.2,5000,10,3,132,6,0.20876309319333602,0.20876309319333602,dead k=0.5,0.2172965787425145,0.12878787878787878,23,6
0.2,5000,10,3,132,6,0.20876309319333602,0.20876309319333602,dead k=1,0.20692286968684517,-0.030303030303030304,5,8
0.2,5000,10,3,132,6,0.20876309319333602,0.20876309319333602,dead k=2,0.2013519189287329,-0.12121212121212122,1,16
0.2,5000,10,3,132,6,0.20876309319333602,0.20876309319333602,dead k=0.5 all,0.22773300699866605,0.25757575757575757,36,4
0.2,5000,10,3,132,6,0.20876309319333602,0.20876309319333602,dead k=1 all,0.20876309319330832,-0.007575757575757576,8,8
0.2,5000,10,3,132,6,0.20876309319333602,0.20876309319333602,soft t=0.5,0.24268979501283505,0.4393939393939394,55,4
0.2,5000,10,3,132,6,0.20876309319333602,0.20876309319333602,soft t=1,0.21306119720901992,0.05303030303030303,19,13
0.2,5000,10,3,132,6,0.20876309319333602,0.20876309319333602,relative f=0.2,0.20011610452164152,-0.12878787878787878,15,26
0.2,5000,10,3,132,6,0.20876309319333602,0.20876309319333602,relative f=0.3,0.175176617677282,-0.5303030303030303,6,58
0.2,5000,10,3,132,6,0.20876309319333602,0.20876309319333602,relative f=0.3 all,0.21121827419770287,0.03787878787878788,30,34
0.2,5000,10,3,132,6,0.20876309319333602,0.20876309319333602,hard true phase,0.2339267274531234,0.3409090909090909,47,5
0.2,5000,10,3,132,6,0.20876309319333602,0.20876309319333602,hard true centre+phase,0.22540304597084096,0.20454545454545456,31,4
0.35,500,1,1,76,64,0.3795805851018938,0.3273435095005954,hard,0.12425653159539113,-3.1973684210526314,1,74
0.35,500,1,1,76,64,0.3795805851018938,0.3273435095005954,hard all,0.24971859154504097,-0.8947368421052632,12,51
0.35,500,1,1,76,64,0.3795805851018938,0.3273435095005954,dead k=0.5,0.09984531933833324,-3.5657894736842106,0,74
0.35,500,1,1,76,64,0.3795805851018938,0.3273435095005954,dead k=1,0.10861408137752028,-4.0,0,76
0.35,500,1,1,76,64,0.3795805851018938,0.3273435095005954,dead k=2,nan,-5.315789473684211,0,76
0.35,500,1,1,76,64,0.3795805851018938,0.3273435095005954,dead k=0.5 all,0.1363273764014505,-2.75,0,72
0.35,500,1,1,76,64,0.3795805851018938,0.3273435095005954,dead k=1 all,0.10066479912273453,-3.8289473684210527,0,76
0.35,500,1,1,76,64,0.3795805851018938,0.3273435095005954,soft t=0.5,0.12608286245285252,-3.1842105263157894,1,73
0.35,500,1,1,76,64,0.3795805851018938,0.3273435095005954,soft t=1,0.10894404799076463,-4.947368421052632,0,76
0.35,500,1,1,76,64,0.3795805851018938,0.3273435095005954,relative f=0.2,0.12608286245285252,-3.1842105263157894,1,73
0.35,500,1,1,76,64,0.3795805851018938,0.3273435095005954,relative f=0.3,0.12608286245285252,-3.1842105263157894,1,73
0.35,500,1,1,76,64,0.3795805851018938,0.3273435095005954,relative f=0.3 all,0.281371805650102,-0.631578947368421,16,40
0.35,500,1,1,76,64,0.3795805851018938,0.3273435095005954,hard true phase,0.12234149538708335,-3.236842105263158,0,74
0.35,500,1,1,76,64,0.3795805851018938,0.3273435095005954,hard true centre+phase,0.1313817230719434,-3.0657894736842106,0,74
0.35,500,1,2,50,72,0.3648647450493978,0.3371276700744695,hard,0.11239043660296522,-3.0,0,50
0.35,500,1,2,50,72,0.3648647450493978,0.3371276700744695,hard all,0.2664960786662231,-0.74,6,29
0.35,500,1,2,50,72,0.3648647450493978,0.3371276700744695,dead k=0.5,0.08365838682213701,-3.52,0,50
0.35,500,1,2,50,72,0.3648647450493978,0.3371276700744695,dead k=1,0.07278240593354941,-3.88,0,50
0.35,500,1,2,50,72,0.3648647450493978,0.3371276700744695,dead k=2,nan,-5.34,0,50
0.35,500,1,2,50,72,0.3648647450493978,0.3371276700744695,dead k=0.5 all,0.12160488123502787,-2.92,0,49
0.35,500,1,2,50,72,0.3648647450493978,0.3371276700744695,dead k=1 all,0.08634691553600572,-3.68,0,50
0.35,500,1,2,50,72,0.3648647450493978,0.3371276700744695,soft t=0.5,0.11472896687530267,-2.98,0,50
0.35,500,1,2,50,72,0.3648647450493978,0.3371276700744695,soft t=1,0.047503623291586146,-5.04,0,50
0.35,500,1,2,50,72,0.3648647450493978,0.3371276700744695,relative f=0.2,0.11472896687530267,-2.98,0,50
0.35,500,1,2,50,72,0.3648647450493978,0.3371276700744695,relative f=0.3,0.11472896687530267,-2.98,0,50
0.35,500,1,2,50,72,0.3648647450493978,0.3371276700744695,relative f=0.3 all,0.2949912497640076,-0.42,13,21
0.35,500,1,2,50,72,0.3648647450493978,0.3371276700744695,hard true phase,0.10467248776581328,-3.1,0,49
0.35,500,1,2,50,72,0.3648647450493978,0.3371276700744695,hard true centre+phase,0.11681316905481653,-2.96,0,49
0.35,500,1,3,57,49,0.3545410811977679,0.3147899170238018,hard,0.1432940286178211,-2.754385964912281,1,52
0.35,500,1,3,57,49,0.3545410811977679,0.3147899170238018,hard all,0.260476180712681,-0.5964912280701754,9,30
0.35,500,1,3,57,49,0.3545410811977679,0.3147899170238018,dead k=0.5,0.1127260102905399,-3.263157894736842,0,56
0.35,500,1,3,57,49,0.3545410811977679,0.3147899170238018,dead k=1,0.05244180271269825,-3.807017543859649,0,57
0.35,500,1,3,57,49,0.3545410811977679,0.3147899170238018,dead k=2,0.00010053616913234715,-5.0,0,57
0.35,500,1,3,57,49,0.3545410811977679,0.3147899170238018,dead k=0.5 all,0.1376990143917039,-2.5964912280701755,0,52
0.35,500,1,3,57,49,0.3545410811977679,0.3147899170238018,dead k=1 all,0.0601114809636039,-3.754385964912281,0,57
0.35,500,1,3,57,49,0.3545410811977679,0.3147899170238018,soft t=0.5,0.14289543887414946,-2.719298245614035,1,52
0.35,500,1,3,57,49,0.3545410811977679,0.3147899170238018,soft t=1,0.11898420354117605,-4.684210526315789,0,57
0.35,500,1,3,57,49,0.3545410811977679,0.3147899170238018,relative f=0.2,0.14289543887414946,-2.719298245614035,1,52
0.35,500,1,3,57,49,0.3545410811977679,0.3147899170238018,relative f=0.3,0.14084498673825452,-2.736842105263158,1,52
0.35,500,1,3,57,49,0.3545410811977679,0.3147899170238018,relative f=0.3 all,0.30817981016468426,-0.14035087719298245,18,25
0.35,500,1,3,57,49,0.3545410811977679,0.3147899170238018,hard true phase,0.15567948701676224,-2.789473684210526,1,54
0.35,500,1,3,57,49,0.3545410811977679,0.3147899170238018,hard true centre+phase,0.13018658484012738,-2.736842105263158,1,55
0.35,500,3,1,92,85,0.36936745653514735,0.35085929046192404,hard,0.23454886291428895,-1.2717391304347827,10,67
0.35,500,3,1,92,85,0.36936745653514735,0.35085929046192404,hard all,0.44072080182897755,0.6847826086956522,50,12
0.35,500,3,1,92,85,0.36936745653514735,0.35085929046192404,dead k=0.5,0.19833926682615535,-1.7826086956521738,2,73
0.35,500,3,1,92,85,0.36936745653514735,0.35085929046192404,dead k=1,0.15258076202144824,-2.489130434782609,0,87
0.35,500,3,1,92,85,0.36936745653514735,0.35085929046192404,dead k=2,0.055226948031157214,-4.271739130434782,0,92
0.35,500,3,1,92,85,0.36936745653514735,0.35085929046192404,dead k=0.5 all,0.25981742914266764,-0.8913043478260869,10,54
0.35,500,3,1,92,85,0.36936745653514735,0.35085929046192404,dead k=1 all,0.16576712086489281,-2.239130434782609,0,83
0.35,500,3,1,92,85,0.36936745653514735,0.35085929046192404,soft t=0.5,0.2435308852300782,-1.1630434782608696,10,63
0.35,500,3,1,92,85,0.36936745653514735,0.35085929046192404,soft t=1,0.1802449210678656,-2.2717391304347827,0,84
0.35,500,3,1,92,85,0.36936745653514735,0.35085929046192404,relative f=0.2,0.24262676250554568,-1.173913043478261,10,64
0.35,500,3,1,92,85,0.36936745653514735,0.35085929046192404,relative f=0.3,0.23454886291429608,-1.2717391304347827,8,64
0.35,500,3,1,92,85,0.36936745653514735,0.35085929046192404,relative f=0.3 all,0.47246141677293363,0.8478260869565217,59,12
0.35,500,3,1,92,85,0.36936745653514735,0.35085929046192404,hard true phase,0.24807364281036007,-1.108695652173913,11,62
0.35,500,3,1,92,85,0.36936745653514735,0.35085929046192404,hard true centre+phase,0.23161373692704504,-1.2717391304347827,4,70
0.35,500,3,2,84,86,0.3867035765615513,0.37412899301958646,hard,0.2397276582885267,-1.4166666666666667,6,64
0.35,500,3,2,84,86,0.3867035765615513,0.37412899301958646,hard all,0.4380563426820789,0.42857142857142855,39,14
0.35,500,3,2,84,86,0.3867035765615513,0.37412899301958646,dead k=0.5,0.19932045466984563,-2.0357142857142856,2,71
0.35,500,3,2,84,86,0.3867035765615513,0.37412899301958646,dead k=1,0.1640864985287125,-2.7023809523809526,1,80
0.35,500,3,2,84,86,0.3867035765615513,0.37412899301958646,dead k=2,0.06276142603264248,-4.75,0,84
0.35,500,3,2,84,86,0.3867035765615513,0.37412899301958646,dead k=0.5 all,0.26161839325167424,-1.1547619047619047,10,60
0.35,500,3,2,84,86,0.3867035765615513,0.37412899301958646,dead k=1 all,0.17245138219144102,-2.5714285714285716,1,78
0.35,500,3,2,84,86,0.3867035765615513,0.37412899301958646,soft t=0.5,0.24560601060142456,-1.3452380952380953,6,62
0.35,500,3,2,84,86,0.3867035765615513,0.37412899301958646,soft t=1,0.1702486581326515,-2.642857142857143,2,75
0.35,500,3,2,84,86,0.3867035765615513,0.37412899301958646,relative f=0.2,0.24560601060142456,-1.3452380952380953,6,62
0.35,500,3,2,84,86,0.3867035765615513,0.37412899301958646,relative f=0.3,0.23680966817880814,-1.4523809523809523,5,65
0.35,500,3,2,84,86,0.3867035765615513,0.37412899301958646,relative f=0.3 all,0.48573709338017595,0.6666666666666666,48,9
0.35,500,3,2,84,86,0.3867035765615513,0.37412899301958646,hard true phase,0.24209817189338914,-1.4285714285714286,6,64
0.35,500,3,2,84,86,0.3867035765615513,0.37412899301958646,hard true centre+phase,0.24807364281037028,-1.3571428571428572,5,67
0.35,500,3,3,88,76,0.3654241183652754,0.35316446817638436,hard,0.23454886291421168,-1.3068181818181819,8,66
0.35,500,3,3,88,76,0.3654241183652754,0.35316446817638436,hard all,0.42676330595198936,0.5340909090909091,46,14
0.35,500,3,3,88,76,0.3654241183652754,0.35316446817638436,dead k=0.5,0.20449869907934734,-1.7159090909090908,2,74
0.35,500,3,3,88,76,0.3654241183652754,0.35316446817638436,dead k=1,0.14879040598901466,-2.625,1,84
0.35,500,3,3,88,76,0.3654241183652754,0.35316446817638436,dead k=2,0.07497521435405541,-4.386363636363637,0,88
0.35,500,3,3,88,76,0.3654241183652754,0.35316446817638436,dead k=0.5 all,0.2661461746388625,-0.8863636363636364,10,55
0.35,500,3,3,88,76,0.3654241183652754,0.35316446817638436,dead k=1 all,0.16443437743509046,-2.4318181818181817,1,83
0.35,500,3,3,88,76,0.3654241183652754,0.35316446817638436,soft t=0.5,0.24571921703015223,-1.1704545454545454,9,63
0.35,500,3,3,88,76,0.3654241183652754,0.35316446817638436,soft t=1,0.16420875296095522,-2.602272727272727,0,81
0.35,500,3,3,88,76,0.3654241183652754,0.35316446817638436,relative f=0.2,0.24478030900458475,-1.1818181818181819,9,63
0.35,500,3,3,88,76,0.3654241183652754,0.35316446817638436,relative f=0.3,0.23917881562568805,-1.25,8,64
0.35,500,3,3,88,76,0.3654241183652754,0.35316446817638436,relative f=0.3 all,0.4890012375885094,0.8522727272727273,51,6
0.35,500,3,3,88,76,0.3654241183652754,0.35316446817638436,hard true phase,0.23639705134238576,-1.2840909090909092,4,64
0.35,500,3,3,88,76,0.3654241183652754,0.35316446817638436,hard true centre+phase,0.22788728549584655,-1.3522727272727273,4,67
0.35,500,10,1,116,200,0.37109741522346046,0.36785156656110785,hard,0.39895753509812465,0.1896551724137931,41,21
0.35,500,10,1,116,200,0.37109741522346046,0.36785156656110785,hard all,0.686185048112167,1.1982758620689655,84,0
0.35,500,10,1,116,200,0.37109741522346046,0.36785156656110785,dead k=0.5,0.34888079660345966,-0.19827586206896552,26,41
0.35,500,10,1,116,200,0.37109741522346046,0.36785156656110785,dead k=1,0.2825415792682218,-0.896551724137931,6,71
0.35,500,10,1,116,200,0.37109741522346046,0.36785156656110785,dead k=2,0.1636246626741005,-2.706896551724138,0,109
0.35,500,10,1,116,200,0.37109741522346046,0.36785156656110785,dead k=0.5 all,0.4186062963545731,0.3620689655172414,46,15
0.35,500,10,1,116,200,0.37109741522346046,0.36785156656110785,dead k=1 all,0.2953506370628145,-0.7586206896551724,9,63
0.35,500,10,1,116,200,0.37109741522346046,0.36785156656110785,soft t=0.5,0.45359308857699904,0.5172413793103449,54,5
0.35,500,10,1,116,200,0.37109741522346046,0.36785156656110785,soft t=1,0.366473716159864,-0.05172413793103448,30,31
0.35,500,10,1,116,200,0.37109741522346046,0.36785156656110785,relative f=0.2,0.3915616166432608,0.13793103448275862,37,25
0.35,500,10,1,116,200,0.37109741522346046,0.36785156656110785,relative f=0.3,0.34788693983955205,-0.20689655172413793,23,38
0.35,500,10,1,116,200,0.37109741522346046,0.36785156656110785,relative f=0.3 all,0.6376376719353624,1.1379310344827587,78,3
0.35,500,10,1,116,200,0.37109741522346046,0.36785156656110785,hard true phase,0.39901164437074677,0.23275862068965517,39,18
0.35,500,10,1,116,200,0.37109741522346046,0.36785156656110785,hard true centre+phase,0.38228299083605644,0.11206896551724138,32,20
0.35,500,10,2,113,176,0.361518300886418,0.353105805045658,hard,0.36914797628229296,0.13274336283185842,32,24
0.35,500,10,2,113,176,0.361518300886418,0.353105805045658,hard all,0.6841226266218412,1.3185840707964602,86,0
0.35,500,10,2,113,176,0.361518300886418,0.353105805045658,dead k=0.5,0.32399885205815926,-0.26548672566371684,19,44
0.35,500,10,2,113,176,0.361518300886418,0.353105805045658,dead k=1,0.2692622900749513,-0.8495575221238938,4,71
0.35,500,10,2,113,176,0.361518300886418,0.353105805045658,dead k=2,0.1528841834795389,-2.7079646017699117,0,108
0.35,500,10,2,113,176,0.361518300886418,0.353105805045658,dead k=0.5 all,0.4066552133777978,0.40707964601769914,46,15
0.35,500,10,2,113,176,0.361518300886418,0.353105805045658,dead k=1 all,0.28405219267241494,-0.6814159292035398,7,64
0.35,500,10,2,113,176,0.361518300886418,0.353105805045658,soft t=0.5,0.41067613711188106,0.4336283185840708,51,18
0.35,500,10,2,113,176,0.361518300886418,0.353105805045658,soft t=1,0.32861538891490566,-0.22123893805309736,24,41
0.35,500,10,2,113,176,0.361518300886418,0.353105805045658,relative f=0.2,0.3647560047132275,0.09734513274336283,35,31
0.35,500,10,2,113,176,0.361518300886418,0.353105805045658,relative f=0.3,0.31856669675017973,-0.3185840707964602,22,43
0.35,500,10,2,113,176,0.361518300886418,0.353105805045658,relative f=0.3 all,0.6192444057774521,1.2300884955752212,83,1
0.35,500,10,2,113,176,0.361518300886418,0.353105805045658,hard true phase,0.36694104041644127,0.11504424778761062,31,22
0.35,500,10,2,113,176,0.361518300886418,0.353105805045658,hard true centre+phase,0.3615183008865726,0.07079646017699115,31,28
0.35,500,10,3,92,155,0.36433101136192547,0.3603683056105253,hard,0.4069580338248849,0.34782608695652173,41,13
0.35,500,10,3,92,155,0.36433101136192547,0.3603683056105253,hard all,0.6674620836883843,1.2391304347826086,73,0
0.35,500,10,3,92,155,0.36433101136192547,0.3603683056105253,dead k=0.5,0.34395321445842747,-0.14130434782608695,19,27
0.35,500,10,3,92,155,0.36433101136192547,0.3603683056105253,dead k=1,0.2833100170683771,-0.7934782608695652,6,54
0.35,500,10,3,92,155,0.36433101136192547,0.3603683056105253,dead k=2,0.1644343774350901,-2.5869565217391304,0,90
0.35,500,10,3,92,155,0.36433101136192547,0.3603683056105253,dead k=0.5 all,0.44664339393023744,0.5869565217391305,47,9
0.35,500,10,3,92,155,0.36433101136192547,0.3603683056105253,dead k=1 all,0.29029369315234393,-0.6739130434782609,7,46
0.35,500,10,3,92,155,0.36433101136192547,0.3603683056105253,soft t=0.5,0.4387875999587355,0.5434782608695652,49,8
0.35,500,10,3,92,155,0.36433101136192547,0.3603683056105253,soft t=1,0.3724761418970561,0.09782608695652174,28,19
0.35,500,10,3,92,155,0.36433101136192547,0.3603683056105253,relative f=0.2,0.39277596303629186,0.25,38,18
0.35,500,10,3,92,155,0.36433101136192547,0.3603683056105253,relative f=0.3,0.340323918353005,-0.17391304347826086,26,32
0.35,500,10,3,92,155,0.36433101136192547,0.3603683056105253,relative f=0.3 all,0.5795517579185663,1.0869565217391304,70,2
0.35,500,10,3,92,155,0.36433101136192547,0.3603683056105253,hard true phase,0.40859698094875563,0.358695652173913,41,14
0.35,500,10,3,92,155,0.36433101136192547,0.3603683056105253,hard true centre+phase,0.3912591397576041,0.2391304347826087,37,19
0.35,5000,1,1,158,2,0.3545280470788801,0.3457811659169206,hard,0.31809079131384715,-0.25949367088607594,5,41
0.35,5000,1,1,158,2,0.3545280470788801,0.3457811659169206,hard all,0.33734852655651953,-0.0759493670886076,15,25
0.35,5000,1,1,158,2,0.3545280470788801,0.3457811659169206,dead k=0.5,0.3056869395140299,-0.41139240506329117,5,57
0.35,5000,1,1,158,2,0.3545280470788801,0.3457811659169206,dead k=1,0.2849145878553468,-0.6392405063291139,1,76
0.35,5000,1,1,158,2,0.3545280470788801,0.3457811659169206,dead k=2,0.2542837292654732,-1.0822784810126582,1,106
0.35,5000,1,1,158,2,0.3545280470788801,0.3457811659169206,dead k=0.5 all,0.31002522955934547,-0.3670886075949367,6,54
0.35,5000,1,1,158,2,0.3545280470788801,0.3457811659169206,dead k=1 all,0.28606460545986206,-0.6265822784810127,1,75
0.35,5000,1,1,158,2,0.3545280470788801,0.3457811659169206,soft t=0.5,0.31809079131384715,-0.25949367088607594,5,41
0.35,5000,1,1,158,2,0.3545280470788801,0.3457811659169206,soft t=1,0.20647923962389922,-1.8924050632911393,0,141
0.35,5000,1,1,158,2,0.3545280470788801,0.3457811659169206,relative f=0.2,0.31809079131384715,-0.25949367088607594,5,41
0.35,5000,1,1,158,2,0.3545280470788801,0.3457811659169206,relative f=0.3,0.3168146340546771,-0.2721518987341772,5,43
0.35,5000,1,1,158,2,0.3545280470788801,0.3457811659169206,relative f=0.3 all,0.3291999259062909,-0.1518987341772152,10,30
0.35,5000,1,1,158,2,0.3545280470788801,0.3457811659169206,hard true phase,0.31617885879948854,-0.27848101265822783,2,40
0.35,5000,1,1,158,2,0.3545280470788801,0.3457811659169206,hard true centre+phase,0.31554460280826097,-0.2848101265822785,2,42
0.35,5000,1,2,151,0,0.3524367867264786,0.34189542056482114,hard,0.31738856331228316,-0.23178807947019867,7,38
0.35,5000,1,2,151,0,0.3524367867264786,0.34189542056482114,hard all,0.33321798459926366,-0.07947019867549669,15,27
0.35,5000,1,2,151,0,0.3524367867264786,0.34189542056482114,dead k=0.5,0.3049954554909946,-0.3576158940397351,5,53
0.35,5000,1,2,151,0,0.3524367867264786,0.34189542056482114,dead k=1,0.2906791139415126,-0.5364238410596026,3,66
0.35,5000,1,2,151,0,0.3524367867264786,0.34189542056482114,dead k=2,0.2528442863360527,-1.0397350993377483,1,99
0.35,5000,1,2,151,0,0.3524367867264786,0.34189542056482114,dead k=0.5 all,0.31014522038864545,-0.304635761589404,7,48
0.35,5000,1,2,151,0,0.3524367867264786,0.34189542056482114,dead k=1 all,0.29251976385787276,-0.5165562913907285,4,65
0.35,5000,1,2,151,0,0.3524367867264786,0.34189542056482114,soft t=0.5,0.31805690599745007,-0.2251655629139073,7,37
0.35,5000,1,2,151,0,0.3524367867264786,0.34189542056482114,soft t=1,0.2026610852643007,-1.7417218543046358,0,127
0.35,5000,1,2,151,0,0.3524367867264786,0.34189542056482114,relative f=0.2,0.31805690599745007,-0.2251655629139073,7,37
0.35,5000,1,2,151,0,0.3524367867264786,0.34189542056482114,relative f=0.3,0.3160569305500859,-0.24503311258278146,7,40
0.35,5000,1,2,151,0,0.3524367867264786,0.34189542056482114,relative f=0.3 all,0.32415038119027834,-0.16556291390728478,9,32
0.35,5000,1,2,151,0,0.3524367867264786,0.34189542056482114,hard true phase,0.31473194124217835,-0.2582781456953642,4,38
0.35,5000,1,2,151,0,0.3524367867264786,0.34189542056482114,hard true centre+phase,0.31939871510106915,-0.2119205298013245,3,32
0.35,5000,1,3,137,2,0.3468540561371285,0.3387081283733327,hard,0.30654739094186717,-0.34306569343065696,1,38
0.35,5000,1,3,137,2,0.3468540561371285,0.3387081283733327,hard all,0.3202002237114797,-0.17518248175182483,7,26
0.35,5000,1,3,137,2,0.3468540561371285,0.3387081283733327,dead k=0.5,0.29812813033599844,-0.4306569343065693,1,47
0.35,5000,1,3,137,2,0.3468540561371285,0.3387081283733327,dead k=1,0.2838872617034366,-0.6131386861313869,0,62
0.35,5000,1,3,137,2,0.3468540561371285,0.3387081283733327,dead k=2,0.24223971197169777,-1.1532846715328466,0,95
0.35,5000,1,3,137,2,0.3468540561371285,0.3387081283733327,dead k=0.5 all,0.30083587220144364,-0.3722627737226277,1,41
0.35,5000,1,3,137,2,0.3468540561371285,0.3387081283733327,dead k=1 all,0.28455338339784136,-0.6058394160583942,0,61
0.35,5000,1,3,137,2,0.3468540561371285,0.3387081283733327,soft t=0.5,0.30726039725043214,-0.3357664233576642,1,37
0.35,5000,1,3,137,2,0.3468540561371285,0.3387081283733327,soft t=1,0.20378901621935575,-1.7956204379562044,0,120
0.35,5000,1,3,137,2,0.3468540561371285,0.3387081283733327,relative f=0.2,0.30726039725043214,-0.3357664233576642,1,37
0.35,5000,1,3,137,2,0.3468540561371285,0.3387081283733327,relative f=0.3,0.30654739094186645,-0.34306569343065696,1,38
0.35,5000,1,3,137,2,0.3468540561371285,0.3387081283733327,relative f=0.3 all,0.31577590780761977,-0.21897810218978103,5,28
0.35,5000,1,3,137,2,0.3468540561371285,0.3387081283733327,hard true phase,0.3071405681389233,-0.30656934306569344,1,36
0.35,5000,1,3,137,2,0.3468540561371285,0.3387081283733327,hard true centre+phase,0.30292196719984177,-0.35036496350364965,0,39
0.35,5000,3,1,160,0,0.3543609504513173,0.3500039911761955,hard,0.34643484803652136,-0.03125,17,25
0.35,5000,3,1,160,0,0.3543609504513173,0.3500039911761955,hard all,0.3816237291696626,0.25625,44,10
0.35,5000,3,1,160,0,0.3543609504513173,0.3500039911761955,dead k=0.5,0.33267249481842665,-0.15625,10,32
0.35,5000,3,1,160,0,0.3543609504513173,0.3500039911761955,dead k=1,0.3234789943366678,-0.24375,3,37
0.35,5000,3,1,160,0,0.3543609504513173,0.3500039911761955,dead k=2,0.30743215204295754,-0.45625,0,59
0.35,5000,3,1,160,0,0.3543609504513173,0.3500039911761955,dead k=0.5 all,0.3394550618631917,-0.09375,14,27
0.35,5000,3,1,160,0,0.3543609504513173,0.3500039911761955,dead k=1 all,0.3234789943366678,-0.24375,3,37
0.35,5000,3,1,160,0,0.3543609504513173,0.3500039911761955,soft t=0.5,0.34856976011684293,-0.0125,18,23
0.35,5000,3,1,160,0,0.3543609504513173,0.3500039911761955,soft t=1,0.31522804074732175,-0.325,7,48
0.35,5000,3,1,160,0,0.3543609504513173,0.3500039911761955,relative f=0.2,0.33671927135926427,-0.11875,16,33
0.35,5000,3,1,160,0,0.3543609504513173,0.3500039911761955,relative f=0.3,0.29826645746367003,-0.5,9,68
0.35,5000,3,1,160,0,0.3543609504513173,0.3500039911761955,relative f=0.3 all,0.3152280407473234,-0.325,14,57
0.35,5000,3,1,160,0,0.3543609504513173,0.3500039911761955,hard true phase,0.34222238879331784,-0.06875,12,24
0.35,5000,3,1,160,0,0.3543609504513173,0.3500039911761955,hard true centre+phase,0.3415275431313039,-0.075,6,19
0.35,5000,3,2,153,0,0.3515323372218589,0.34629136064069876,hard,0.3507763342605091,0.0392156862745098,13,8
0.35,5000,3,2,153,0,0.3515323372218589,0.34629136064069876,hard all,0.3696559637862679,0.19607843137254902,30,2
0.35,5000,3,2,153,0,0.3515323372218589,0.34629136064069876,dead k=0.5,0.3404416530604222,-0.05228758169934641,6,13
0.35,5000,3,2,153,0,0.3515323372218589,0.34629136064069876,dead k=1,0.331229568224553,-0.13725490196078433,2,22
0.35,5000,3,2,153,0,0.3515323372218589,0.34629136064069876,dead k=2,0.31181929845426265,-0.32679738562091504,0,45
0.35,5000,3,2,153,0,0.3515323372218589,0.34629136064069876,dead k=0.5 all,0.3448153040250182,-0.013071895424836602,9,10
0.35,5000,3,2,153,0,0.3515323372218589,0.34629136064069876,dead k=1 all,0.33262440686018724,-0.12418300653594772,3,21
0.35,5000,3,2,153,0,0.3515323372218589,0.34629136064069876,soft t=0.5,0.3507763342605091,0.0392156862745098,13,8
0.35,5000,3,2,153,0,0.3515323372218589,0.34629136064069876,soft t=1,0.3042704369317916,-0.43137254901960786,3,54
0.35,5000,3,2,153,0,0.3515323372218589,0.34629136064069876,relative f=0.2,0.34007129409458425,-0.08496732026143791,12,20
0.35,5000,3,2,153,0,0.3515323372218589,0.34629136064069876,relative f=0.3,0.3044474550696254,-0.48366013071895425,7,62
0.35,5000,3,2,153,0,0.3515323372218589,0.34629136064069876,relative f=0.3 all,0.31605693055008427,-0.33986928104575165,12,50
0.35,5000,3,2,153,0,0.3515323372218589,0.34629136064069876,hard true phase,0.3470328868856619,0.006535947712418301,8,8
0.35,5000,3,2,153,0,0.3515323372218589,0.34629136064069876,hard true centre+phase,0.3440807328708958,-0.0196078431372549,5,9
0.35,5000,3,3,140,0,0.3463336703686259,0.3423218183703028,hard,0.3399468843878762,-0.02142857142857143,15,18
0.35,5000,3,3,140,0,0.3463336703686259,0.3423218183703028,hard all,0.36929854041417953,0.22857142857142856,42,12
0.35,5000,3,3,140,0,0.3463336703686259,0.3423218183703028,dead k=0.5,0.3314333214628908,-0.1,10,24
0.35,5000,3,3,140,0,0.3463336703686259,0.3423218183703028,dead k=1,0.32320276486343613,-0.17857142857142858,8,29
0.35,5000,3,3,140,0,0.3463336703686259,0.3423218183703028,dead k=2,0.3019863215535759,-0.39285714285714285,1,44
0.35,5000,3,3,140,0,0.3463336703686259,0.3423218183703028,dead k=0.5 all,0.3368164467513832,-0.05,14,21
0.35,5000,3,3,140,0,0.3463336703686259,0.3423218183703028,dead k=1 all,0.32320276486343613,-0.17857142857142858,8,29
0.35,5000,3,3,140,0,0.3463336703686259,0.3423218183703028,soft t=0.5,0.3407359067702199,-0.014285714285714285,16,18
0.35,5000,3,3,140,0,0.3463336703686259,0.3423218183703028,soft t=1,0.3047222328605011,-0.36428571428571427,6,45
0.35,5000,3,3,140,0,0.3463336703686259,0.3423218183703028,relative f=0.2,0.32616473250983674,-0.15,12,28
0.35,5000,3,3,140,0,0.3463336703686259,0.3423218183703028,relative f=0.3,0.2979306323410006,-0.4357142857142857,11,53
0.35,5000,3,3,140,0,0.3463336703686259,0.3423218183703028,relative f=0.3 all,0.31168107616328156,-0.29285714285714287,16,42
0.35,5000,3,3,140,0,0.3463336703686259,0.3423218183703028,hard true phase,0.34152754313116923,-0.007142857142857143,15,16
0.35,5000,3,3,140,0,0.3463336703686259,0.3423218183703028,hard true centre+phase,0.3368164467515072,-0.05,11,18
0.35,5000,10,1,162,6,0.3517440865165557,0.3510249313464238,hard,0.360805150194924,0.1111111111111111,26,6
0.35,5000,10,1,162,6,0.3517440865165557,0.3510249313464238,hard all,0.4176593464044741,0.5246913580246914,67,2
0.35,5000,10,1,162,6,0.3517440865165557,0.3510249313464238,dead k=0.5,0.35060866938583357,0.024691358024691357,12,6
0.35,5000,10,1,162,6,0.3517440865165557,0.3510249313464238,dead k=1,0.34497885342434326,-0.024691358024691357,6,8
0.35,5000,10,1,162,6,0.3517440865165557,0.3510249313464238,dead k=2,0.3391263169971914,-0.10493827160493827,1,16
0.35,5000,10,1,162,6,0.3517440865165557,0.3510249313464238,dead k=0.5 all,0.35932011729759694,0.09876543209876543,23,5
0.35,5000,10,1,162,6,0.3517440865165557,0.3510249313464238,dead k=1 all,0.3456752095546137,-0.018518518518518517,7,8
0.35,5000,10,1,162,6,0.3517440865165557,0.3510249313464238,soft t=0.5,0.37070751256536966,0.19135802469135801,35,5
0.35,5000,10,1,162,6,0.3517440865165557,0.3510249313464238,soft t=1,0.3463736365722819,-0.012345679012345678,9,9
0.35,5000,10,1,162,6,0.3517440865165557,0.3510249313464238,relative f=0.2,0.30954455904210054,-0.3888888888888889,5,56
0.35,5000,10,1,162,6,0.3517440865165557,0.3510249313464238,relative f=0.3,0.2811746343750185,-0.691358024691358,4,85
0.35,5000,10,1,162,6,0.3517440865165557,0.3510249313464238,relative f=0.3 all,0.30345234338559446,-0.42592592592592593,10,61
0.35,5000,10,1,162,6,0.3517440865165557,0.3510249313464238,hard true phase,0.3645614793254134,0.1419753086419753,28,6
0.35,5000,10,1,162,6,0.3517440865165557,0.3510249313464238,hard true centre+phase,0.3638051248035008,0.13580246913580246,24,3
0.35,5000,10,2,153,5,0.3515323372218589,0.35002279816266424,hard,0.36802009988147305,0.1503267973856209,29,6
0.35,5000,10,2,153,5,0.3515323372218589,0.35002279816266424,hard all,0.4173717916250939,0.5032679738562091,65,1
0.35,5000,10,2,153,5,0.3515323372218589,0.35002279816266424,dead k=0.5,0.35381537083664144,0.032679738562091505,12,7
0.35,5000,10,2,153,5,0.3515323372218589,0.35002279816266424,dead k=1,0.3462913606403762,-0.032679738562091505,5,10
0.35,5000,10,2,153,5,0.3515323372218589,0.35002279816266424,dead k=2,0.3326244068600669,-0.1568627450980392,0,21
0.35,5000,10,2,153,5,0.3515323372218589,0.35002279816266424,dead k=0.5 all,0.36238834411986814,0.10457516339869281,21,6
0.35,5000,10,2,153,5,0.3515323372218589,0.35002279816266424,dead k=1 all,0.3470328868855563,-0.026143790849673203,6,10
0.35,5000,10,2,153,5,0.3515323372218589,0.35002279816266424,soft t=0.5,0.37296484929005647,0.1895424836601307,35,6
0.35,5000,10,2,153,5,0.3515323372218589,0.35002279816266424,soft t=1,0.3515323372216445,0.013071895424836602,14,12
0.35,5000,10,2,153,5,0.3515323372218589,0.35002279816266424,relative f=0.2,0.30607306139550267,-0.41830065359477125,3,58
0.35,5000,10,2,153,5,0.3515323372218589,0.35002279816266424,relative f=0.3,0.2714720395325754,-0.7973856209150327,0,92
0.35,5000,10,2,153,5,0.3515323372218589,0.35002279816266424,relative f=0.3 all,0.2979745093932098,-0.5032679738562091,4,68
0.35,5000,10,2,153,5,0.3515323372218589,0.35002279816266424,hard true phase,0.3688365073948568,0.1568627450980392,29,6
0.35,5000,10,2,153,5,0.3515323372218589,0.35002279816266424,hard true centre+phase,0.3623883441197499,0.10457516339869281,23,7
0.35,5000,10,3,140,1,0.3463336703686259,0.34391838657609025,hard,0.3675142865464221,0.2,28,6
0.35,5000,10,3,140,1,0.3463336703686259,0.34391838657609025,hard all,0.42547330435401015,0.6071428571428571,68,3
0.35,5000,10,3,140,1,0.3463336703686259,0.34391838657609025,dead k=0.5,0.3463336703687424,0.02142857142857143,10,7
0.35,5000,10,3,140,1,0.3463336703686259,0.34391838657609025,dead k=1,0.3391604513757471,-0.04285714285714286,3,9
0.35,5000,10,3,140,1,0.3463336703686259,0.34391838657609025,dead k=2,0.33219515358307794,-0.10714285714285714,0,15
0.35,5000,10,3,140,1,0.3463336703686259,0.34391838657609025,dead k=0.5 all,0.357949881671705,0.12142857142857143,21,5
0.35,5000,10,3,140,1,0.3463336703686259,0.34391838657609025,dead k=1 all,0.3391604513757471,-0.04285714285714286,3,9
0.35,5000,10,3,140,1,0.3463336703686259,0.34391838657609025,soft t=0.5,0.37938290032043354,0.29285714285714287,38,6
0.35,5000,10,3,140,1,0.3463336703686259,0.34391838657609025,soft t=1,0.34795778909695857,0.03571428571428571,11,8
0.35,5000,10,3,140,1,0.3463336703686259,0.34391838657609025,relative f=0.2,0.30541034391310634,-0.37142857142857144,7,50
0.35,5000,10,3,140,1,0.3463336703686259,0.34391838657609025,relative f=0.3,0.2746509690499012,-0.7071428571428572,3,80
0.35,5000,10,3,140,1,0.3463336703686259,0.34391838657609025,relative f=0.3 all,0.2932679004762662,-0.5,7,62
0.35,5000,10,3,140,1,0.3463336703686259,0.34391838657609025,hard true phase,0.3648647450494246,0.17857142857142858,25,6
0.35,5000,10,3,140,1,0.3463336703686259,0.34391838657609025,hard true centre+phase,0.3622465303860263,0.15714285714285714,24,6
0.5,500,1,1,77,68,0.5083208939306225,0.4508860813286015,hard,0.16092946002761654,-3.116883116883117,0,75
0.5,500,1,1,77,68,0.5083208939306225,0.4508860813286015,hard all,0.3510902164735006,-0.6883116883116883,9,47
0.5,500,1,1,77,68,0.5083208939306225,0.4508860813286015,dead k=0.5,0.12750072303146046,-3.5974025974025974,0,76
0.5,500,1,1,77,68,0.5083208939306225,0.4508860813286015,dead k=1,0.09069615896700099,-4.220779220779221,0,77
0.5,500,1,1,77,68,0.5083208939306225,0.4508860813286015,dead k=2,0.00010053616913234715,-5.792207792207792,0,77
0.5,500,1,1,77,68,0.5083208939306225,0.4508860813286015,dead k=0.5 all,0.19139679203504018,-2.5584415584415585,1,74
0.5,500,1,1,77,68,0.5083208939306225,0.4508860813286015,dead k=1 all,0.10215844801123761,-4.012987012987013,0,77
0.5,500,1,1,77,68,0.5083208939306225,0.4508860813286015,soft t=0.5,0.1621157255692477,-3.103896103896104,0,75
0.5,500,1,1,77,68,0.5083208939306225,0.4508860813286015,soft t=1,0.10383792627533159,-5.025974025974026,0,77
0.5,500,1,1,77,68,0.5083208939306225,0.4508860813286015,relative f=0.2,0.1621157255692477,-3.103896103896104,0,75
0.5,500,1,1,77,68,0.5083208939306225,0.4508860813286015,relative f=0.3,0.1621157255692477,-3.103896103896104,0,75
0.5,500,1,1,77,68,0.5083208939306225,0.4508860813286015,relative f=0.3 all,0.4484497533097254,-0.012987012987012988,26,24
0.5,500,1,1,77,68,0.5083208939306225,0.4508860813286015,hard true phase,0.1549514400777536,-3.1818181818181817,0,75
0.5,500,1,1,77,68,0.5083208939306225,0.4508860813286015,hard true centre+phase,0.16295425259495344,-3.0,0,76
0.5,500,1,2,80,61,0.5031529077950102,0.43984839582035756,hard,0.17433358741372434,-2.975,1,77
0.5,500,1,2,80,61,0.5031529077950102,0.43984839582035756,hard all,0.34856976011674096,-0.65,9,45
0.5,500,1,2,80,61,0.5031529077950102,0.43984839582035756,dead k=0.5,0.15451855632546654,-3.375,0,78
0.5,500,1,2,80,61,0.5031529077950102,0.43984839582035756,dead k=1,0.11504419151878999,-3.925,0,79
0.5,500,1,2,80,61,0.5031529077950102,0.43984839582035756,dead k=2,0.054051792445944304,-5.6625,0,80
0.5,500,1,2,80,61,0.5031529077950102,0.43984839582035756,dead k=0.5 all,0.21642814709443417,-2.2625,0,70
0.5,500,1,2,80,61,0.5031529077950102,0.43984839582035756,dead k=1 all,0.12608286245283434,-3.775,0,79
0.5,500,1,2,80,61,0.5031529077950102,0.43984839582035756,soft t=0.5,0.17775597694584622,-2.9375,2,77
0.5,500,1,2,80,61,0.5031529077950102,0.43984839582035756,soft t=1,0.1112740746620225,-4.7125,0,80
0.5,500,1,2,80,61,0.5031529077950102,0.43984839582035756,relative f=0.2,0.17775597694584622,-2.9375,2,77
0.5,500,1,2,80,61,0.5031529077950102,0.43984839582035756,relative f=0.3,0.17775597694584622,-2.9375,2,77
0.5,500,1,2,80,61,0.5031529077950102,0.43984839582035756,relative f=0.3 all,0.3944574341018795,-0.2875,14,30
0.5,500,1,2,80,61,0.5031529077950102,0.43984839582035756,hard true phase,0.17661689470862818,-2.95,0,78
0.5,500,1,2,80,61,0.5031529077950102,0.43984839582035756,hard true centre+phase,0.1770663072360619,-2.9125,0,77
0.5,500,1,3,67,61,0.48741947448278167,0.4392186802420398,hard,0.1870992165637938,-2.955223880597015,0,64
0.5,500,1,3,67,61,0.48741947448278167,0.4392186802420398,hard all,0.34739898221402615,-0.6567164179104478,6,36
0.5,500,1,3,67,61,0.48741947448278167,0.4392186802420398,dead k=0.5,0.1483818273636565,-3.537313432835821,0,67
0.5,500,1,3,67,61,0.48741947448278167,0.4392186802420398,dead k=1,0.08490548225098271,-4.223880597014926,0,67
0.5,500,1,3,67,61,0.48741947448278167,0.4392186802420398,dead k=2,0.017012973195572163,-5.701492537313433,0,67
0.5,500,1,3,67,61,0.48741947448278167,0.4392186802420398,dead k=0.5 all,0.1909704006208951,-2.5671641791044775,0,65
0.5,500,1,3,67,61,0.48741947448278167,0.4392186802420398,dead k=1 all,0.09283243297518148,-4.044776119402985,0,67
0.5,500,1,3,67,61,0.48741947448278167,0.4392186802420398,soft t=0.5,0.19132182945733053,-2.91044776119403,0,64
0.5,500,1,3,67,61,0.48741947448278167,0.4392186802420398,soft t=1,0.10215844801124185,-4.91044776119403,0,67
0.5,500,1,3,67,61,0.48741947448278167,0.4392186802420398,relative f=0.2,0.19132182945733053,-2.91044776119403,0,64
0.5,500,1,3,67,61,0.48741947448278167,0.4392186802420398,relative f=0.3,0.19132182945733053,-2.91044776119403,0,64
0.5,500,1,3,67,61,0.48741947448278167,0.4392186802420398,relative f=0.3 all,0.3924127245610629,-0.29850746268656714,16,27
0.5,500,1,3,67,61,0.48741947448278167,0.4392186802420398,hard true phase,0.17633686515288272,-3.029850746268657,0,64
0.5,500,1,3,67,61,0.48741947448278167,0.4392186802420398,hard true centre+phase,0.17127754429261208,-2.955223880597015,0,66
0.5,500,3,1,98,89,0.4900911527963762,0.48072983153827864,hard,0.31291903438359875,-1.2346938775510203,5,68
0.5,500,3,1,98,89,0.4900911527963762,0.48072983153827864,hard all,0.5954464682437521,0.3673469387755102,38,9
0.5,500,3,1,98,89,0.4900911527963762,0.48072983153827864,dead k=0.5,0.2654990191145212,-1.7857142857142858,3,82
0.5,500,3,1,98,89,0.4900911527963762,0.48072983153827864,dead k=1,0.21476978081224615,-2.438775510204082,0,92
0.5,500,3,1,98,89,0.4900911527963762,0.48072983153827864,dead k=2,0.10715609939273685,-4.591836734693878,0,98
0.5,500,3,1,98,89,0.4900911527963762,0.48072983153827864,dead k=0.5 all,0.3562887457217889,-0.8367346938775511,9,57
0.5,500,3,1,98,89,0.4900911527963762,0.48072983153827864,dead k=1 all,0.23538572211245237,-2.1530612244897958,1,85
0.5,500,3,1,98,89,0.4900911527963762,0.48072983153827864,soft t=0.5,0.33045725328127773,-1.0204081632653061,7,60
0.5,500,3,1,98,89,0.4900911527963762,0.48072983153827864,soft t=1,0.24186132207066527,-2.2142857142857144,2,86
0.5,500,3,1,98,89,0.4900911527963762,0.48072983153827864,relative f=0.2,0.32723100752967926,-1.0510204081632653,7,61
0.5,500,3,1,98,89,0.4900911527963762,0.48072983153827864,relative f=0.3,0.31067614111442887,-1.2142857142857142,5,66
0.5,500,3,1,98,89,0.4900911527963762,0.48072983153827864,relative f=0.3 all,0.6162633960404491,0.40816326530612246,36,6
0.5,500,3,1,98,89,0.4900911527963762,0.48072983153827864,hard true phase,0.3076832412435286,-1.2448979591836735,4,69
0.5,500,3,1,98,89,0.4900911527963762,0.48072983153827864,hard true centre+phase,0.3297997608740866,-1.0714285714285714,6,69
0.5,500,3,2,98,86,0.5160627369633181,0.49999792915712704,hard,0.3219437690649596,-1.183673469387755,3,68
0.5,500,3,2,98,86,0.5160627369633181,0.49999792915712704,hard all,0.5577157647474035,0.19387755102040816,27,10
0.5,500,3,2,98,86,0.5160627369633181,0.49999792915712704,dead k=0.5,0.27572336053561364,-1.6734693877551021,1,80
0.5,500,3,2,98,86,0.5160627369633181,0.49999792915712704,dead k=1,0.2166986927561904,-2.5918367346938775,0,95
0.5,500,3,2,98,86,0.5160627369633181,0.49999792915712704,dead k=2,0.06973287572631431,-4.775510204081633,0,98
0.5,500,3,2,98,86,0.5160627369633181,0.49999792915712704,dead k=0.5 all,0.36162765753029247,-0.826530612244898,7,55
0.5,500,3,2,98,86,0.5160627369633181,0.49999792915712704,dead k=1 all,0.23048734913502297,-2.4285714285714284,0,95
0.5,500,3,2,98,86,0.5160627369633181,0.49999792915712704,soft t=0.5,0.3381530888978425,-1.030612244897959,4,61
0.5,500,3,2,98,86,0.5160627369633181,0.49999792915712704,soft t=1,0.24591708676222454,-2.142857142857143,1,85
0.5,500,3,2,98,86,0.5160627369633181,0.49999792915712704,relative f=0.2,0.3359294307345046,-1.0510204081632653,3,61
0.5,500,3,2,98,86,0.5160627369633181,0.49999792915712704,relative f=0.3,0.3240455381943336,-1.163265306122449,3,63
0.5,500,3,2,98,86,0.5160627369633181,0.49999792915712704,relative f=0.3 all,0.5692135638828056,0.22448979591836735,29,10
0.5,500,3,2,98,86,0.5160627369633181,0.49999792915712704,hard true phase,0.3229925037453792,-1.1734693877551021,2,65
0.5,500,3,2,98,86,0.5160627369633181,0.49999792915712704,hard true centre+phase,0.32299250374537897,-1.1734693877551021,3,65
0.5,500,3,3,85,87,0.5137946576843139,0.4900062737821942,hard,0.3269545983355453,-1.0941176470588236,7,59
0.5,500,3,3,85,87,0.5137946576843139,0.4900062737821942,hard all,0.5911527800031908,0.3176470588235294,31,12
0.5,500,3,3,85,87,0.5137946576843139,0.4900062737821942,dead k=0.5,0.28802494695158776,-1.5411764705882354,4,69
0.5,500,3,3,85,87,0.5137946576843139,0.4900062737821942,dead k=1,0.2328780908035227,-2.3411764705882354,0,81
0.5,500,3,3,85,87,0.5137946576843139,0.4900062737821942,dead k=2,0.10161948200030461,-4.647058823529412,0,84
0.5,500,3,3,85,87,0.5137946576843139,0.4900062737821942,dead k=0.5 all,0.3670444007312686,-0.7411764705882353,10,50
0.5,500,3,3,85,87,0.5137946576843139,0.4900062737821942,dead k=1 all,0.2339042509873171,-2.211764705882353,0,81
0.5,500,3,3,85,87,0.5137946576843139,0.4900062737821942,soft t=0.5,0.3395764772050066,-0.9764705882352941,9,55
0.5,500,3,3,85,87,0.5137946576843139,0.4900062737821942,soft t=1,0.25655504181141836,-1.9411764705882353,1,71
0.5,500,3,3,85,87,0.5137946576843139,0.4900062737821942,relative f=0.2,0.33699947087698945,-1.0,9,57
0.5,500,3,3,85,87,0.5137946576843139,0.4900062737821942,relative f=0.3,0.32450527534287144,-1.1176470588235294,8,58
0.5,500,3,3,85,87,0.5137946576843139,0.4900062737821942,relative f=0.3 all,0.6281578636960967,0.38823529411764707,32,6
0.5,500,3,3,85,87,0.5137946576843139,0.4900062737821942,hard true phase,0.32818821708402607,-1.0823529411764705,7,62
0.5,500,3,3,85,87,0.5137946576843139,0.4900062737821942,hard true centre+phase,0.3369994708771895,-1.0,6,56
0.5,500,10,1,130,249,0.5140409113464731,0.5038895760215745,hard,0.516149335816266,0.046153846153846156,21,19
0.5,500,10,1,130,249,0.5140409113464731,0.5038895760215745,hard all,0.8239070507138472,0.47692307692307695,53,0
0.5,500,10,1,130,249,0.5140409113464731,0.5038895760215745,dead k=0.5,0.43763715230558703,-0.3153846153846154,8,41
0.5,500,10,1,130,249,0.5140409113464731,0.5038895760215745,dead k=1,0.3836121866989861,-0.6692307692307692,2,65
0.5,500,10,1,130,249,0.5140409113464731,0.5038895760215745,dead k=2,0.21639469576238304,-2.5538461538461537,0,127
0.5,500,10,1,130,249,0.5140409113464731,0.5038895760215745,dead k=0.5 all,0.5686623300399085,0.2076923076923077,36,10
0.5,500,10,1,130,249,0.5140409113464731,0.5038895760215745,dead k=1 all,0.40080032925281295,-0.5461538461538461,6,57
0.5,500,10,1,130,249,0.5140409113464731,0.5038895760215745,soft t=0.5,0.5844894494285624,0.24615384615384617,34,8
0.5,500,10,1,130,249,0.5140409113464731,0.5038895760215745,soft t=1,0.49619503382474234,-0.03076923076923077,21,25
0.5,500,10,1,130,249,0.5140409113464731,0.5038895760215745,relative f=0.2,0.48883751505672035,-0.06153846153846154,19,28
0.5,500,10,1,130,249,0.5140409113464731,0.5038895760215745,relative f=0.3,0.4087999683913928,-0.49230769230769234,8,57
0.5,500,10,1,130,249,0.5140409113464731,0.5038895760215745,relative f=0.3 all,0.7366799339363406,0.4461538461538462,49,0
0.5,500,10,1,130,249,0.5140409113464731,0.5038895760215745,hard true phase,0.5248712455407555,0.07692307692307693,25,18
0.5,500,10,1,130,249,0.5140409113464731,0.5038895760215745,hard true centre+phase,0.4924763195057795,-0.046153846153846156,18,25
0.5,500,10,2,117,209,0.4968228859785698,0.4906471774417342,hard,0.4968228859785653,0.02564102564102564,23,22
0.5,500,10,2,117,209,0.4968228859785698,0.4906471774417342,hard all,0.7620634101680236,0.5128205128205128,48,0
0.5,500,10,2,117,209,0.4968228859785698,0.4906471774417342,dead k=0.5,0.428253300469697,-0.3162393162393162,11,41
0.5,500,10,2,117,209,0.4968228859785698,0.4906471774417342,dead k=1,0.3567165018446077,-0.8290598290598291,3,74
0.5,500,10,2,117,209,0.4968228859785698,0.4906471774417342,dead k=2,0.2088507446328554,-2.5982905982905984,0,109
0.5,500,10,2,117,209,0.4968228859785698,0.4906471774417342,dead k=0.5 all,0.5425144956781695,0.18803418803418803,31,11
0.5,500,10,2,117,209,0.4968228859785698,0.4906471774417342,dead k=1 all,0.375740056811884,-0.6752136752136753,4,64
0.5,500,10,2,117,209,0.4968228859785698,0.4906471774417342,soft t=0.5,0.5343660118618883,0.1623931623931624,29,14
0.5,500,10,2,117,209,0.4968228859785698,0.4906471774417342,soft t=1,0.4751923884156646,-0.06837606837606838,18,25
0.5,500,10,2,117,209,0.4968228859785698,0.4906471774417342,relative f=0.2,0.4679503077534294,-0.10256410256410256,16,29
0.5,500,10,2,117,209,0.4968228859785698,0.4906471774417342,relative f=0.3,0.4066098008797988,-0.452991452991453,11,56
0.5,500,10,2,117,209,0.4968228859785698,0.4906471774417342,relative f=0.3 all,0.6707474051119662,0.4444444444444444,45,2
0.5,500,10,2,117,209,0.4968228859785698,0.4906471774417342,hard true phase,0.49473909869087723,0.017094017094017096,21,21
0.5,500,10,2,117,209,0.4968228859785698,0.4906471774417342,hard true centre+phase,0.4886376229452674,-0.008547008547008548,18,21
0.5,500,10,3,114,202,0.5044431543443588,0.49566812964825385,hard,0.48330653162010034,-0.05263157894736842,21,23
0.5,500,10,3,114,202,0.5044431543443588,0.49566812964825385,hard all,0.7835993034205931,0.5,48,0
0.5,500,10,3,114,202,0.5044431543443588,0.49566812964825385,dead k=0.5,0.4274267512782779,-0.34210526315789475,15,42
0.5,500,10,3,114,202,0.5044431543443588,0.49566812964825385,dead k=1,0.3672494516186577,-0.7631578947368421,4,64
0.5,500,10,3,114,202,0.5044431543443588,0.49566812964825385,dead k=2,0.22042947583709263,-2.473684210526316,0,105
0.5,500,10,3,114,202,0.5044431543443588,0.49566812964825385,dead k=0.5 all,0.5235399699765609,0.10526315789473684,33,21
0.5,500,10,3,114,202,0.5044431543443588,0.49566812964825385,dead k=1 all,0.3784299979213657,-0.6754385964912281,7,60
0.5,500,10,3,114,202,0.5044431543443588,0.49566812964825385,soft t=0.5,0.5210254986702282,0.09649122807017543,28,16
0.5,500,10,3,114,202,0.5044431543443588,0.49566812964825385,soft t=1,0.4644830561036654,-0.14035087719298245,18,28
0.5,500,10,3,114,202,0.5044431543443588,0.49566812964825385,relative f=0.2,0.4627063254663747,-0.14912280701754385,19,33
0.5,500,10,3,114,202,0.5044431543443588,0.49566812964825385,relative f=0.3,0.4027359247581835,-0.5,10,50
0.5,500,10,3,114,202,0.5044431543443588,0.49566812964825385,relative f=0.3 all,0.6939631523185732,0.4473684210526316,45,0
0.5,500,10,3,114,202,0.5044431543443588,0.49566812964825385,hard true phase,0.49144700557119697,-0.017543859649122806,23,24
0.5,500,10,3,114,202,0.5044431543443588,0.49566812964825385,hard true centre+phase,0.46809041188806744,-0.12280701754385964,18,28
0.5,5000,1,1,160,0,0.5031529077950122,0.48081527268565244,hard,0.4322197305009025,-0.25,5,39
0.5,5000,1,1,160,0,0.5031529077950122,0.48081527268565244,hard all,0.45979085512171974,-0.1,9,22
0.5,5000,1,1,160,0,0.5031529077950122,0.48081527268565244,dead k=0.5,0.41682946133957927,-0.34375,4,51
0.5,5000,1,1,160,0,0.5031529077950122,0.48081527268565244,dead k=1,0.396230148626946,-0.48125,3,62
0.5,5000,1,1,160,0,0.5031529077950122,0.48081527268565244,dead k=2,0.3450223153367609,-0.8875,0,102
0.5,5000,1,1,160,0,0.5031529077950122,0.48081527268565244,dead k=0.5 all,0.4322197305010782,-0.25,6,42
0.5,5000,1,1,160,0,0.5031529077950122,0.48081527268565244,dead k=1 all,0.39801832469112425,-0.46875,3,61
0.5,5000,1,1,160,0,0.5031529077950122,0.48081527268565244,soft t=0.5,0.4322197305009025,-0.25,5,39
0.5,5000,1,1,160,0,0.5031529077950122,0.48081527268565244,soft t=1,0.331338257178101,-1.0125,0,100
0.5,5000,1,1,160,0,0.5031529077950122,0.48081527268565244,relative f=0.2,0.4311545452864821,-0.25625,5,40
0.5,5000,1,1,160,0,0.5031529077950122,0.48081527268565244,relative f=0.3,0.4290418324197823,-0.26875,5,42
0.5,5000,1,1,160,0,0.5031529077950122,0.48081527268565244,relative f=0.3 all,0.4561102396412798,-0.11875,8,24
0.5,5000,1,1,160,0,0.5031529077950122,0.48081527268565244,hard true phase,0.43984839582043994,-0.20625,5,33
0.5,5000,1,1,160,0,0.5031529077950122,0.48081527268565244,hard true centre+phase,0.44096385930545345,-0.2,5,33
0.5,5000,1,2,153,0,0.4975645553492649,0.4653604862175605,hard,0.4369487468741957,-0.1503267973856209,6,28
0.5,5000,1,2,153,0,0.4975645553492649,0.4653604862175605,hard all,0.4499906076101856,-0.0784313725490196,10,22
0.5,5000,1,2,153,0,0.4975645553492649,0.4653604862175605,dead k=0.5,0.42155393301994226,-0.24183006535947713,3,36
0.5,5000,1,2,153,0,0.4975645553492649,0.4653604862175605,dead k=1,0.4005222389100376,-0.3790849673202614,3,55
0.5,5000,1,2,153,0,0.4975645553492649,0.4653604862175605,dead k=2,0.34927170696277426,-0.7777777777777778,3,84
0.5,5000,1,2,153,0,0.4975645553492649,0.4653604862175605,dead k=0.5 all,0.4236791622070591,-0.22875816993464052,4,36
0.5,5000,1,2,153,0,0.4975645553492649,0.4653604862175605,dead k=1 all,0.4005222389100376,-0.3790849673202614,3,55
0.5,5000,1,2,153,0,0.4975645553492649,0.4653604862175605,soft t=0.5,0.4369487468741957,-0.1503267973856209,6,28
0.5,5000,1,2,153,0,0.4975645553492649,0.4653604862175605,soft t=1,0.33718504432487867,-0.9150326797385621,1,94
0.5,5000,1,2,153,0,0.4975645553492649,0.4653604862175605,relative f=0.2,0.4369487468741957,-0.1503267973856209,6,28
0.5,5000,1,2,153,0,0.4975645553492649,0.4653604862175605,relative f=0.3,0.43467201306186154,-0.16339869281045752,6,30
0.5,5000,1,2,153,0,0.4975645553492649,0.4653604862175605,relative f=0.3 all,0.4463420863226845,-0.09803921568627451,9,25
0.5,5000,1,2,153,0,0.4975645553492649,0.4653604862175605,hard true phase,0.43694874687410684,-0.1503267973856209,5,27
0.5,5000,1,2,153,0,0.4975645553492649,0.4653604862175605,hard true centre+phase,0.4346720130618647,-0.16339869281045752,4,28
0.5,5000,1,3,140,2,0.49999792915718805,0.47982106932516755,hard,0.44532984292843963,-0.17142857142857143,4,26
0.5,5000,1,3,140,2,0.49999792915718805,0.47982106932516755,hard all,0.4589077079012977,-0.1,5,18
0.5,5000,1,3,140,2,0.49999792915718805,0.47982106932516755,dead k=0.5,0.4314582772684959,-0.25,3,35
0.5,5000,1,3,140,2,0.49999792915718805,0.47982106932516755,dead k=1,0.41626658116563453,-0.34285714285714286,3,44
0.5,5000,1,3,140,2,0.49999792915718805,0.47982106932516755,dead k=2,0.3675142865465859,-0.6928571428571428,3,72
0.5,5000,1,3,140,2,0.49999792915718805,0.47982106932516755,dead k=0.5 all,0.4388975341412418,-0.20714285714285716,3,30
0.5,5000,1,3,140,2,0.49999792915718805,0.47982106932516755,dead k=1 all,0.41852785420766964,-0.32857142857142857,3,42
0.5,5000,1,3,140,2,0.49999792915718805,0.47982106932516755,soft t=0.5,0.44532984292843963,-0.17142857142857143,4,26
0.5,5000,1,3,140,2,0.49999792915718805,0.47982106932516755,soft t=1,0.34311875768530153,-0.9,2,87
0.5,5000,1,3,140,2,0.49999792915718805,0.47982106932516755,relative f=0.2,0.44532984292843963,-0.17142857142857143,4,26
0.5,5000,1,3,140,2,0.49999792915718805,0.47982106932516755,relative f=0.3,0.44402552003199297,-0.17857142857142858,4,27
0.5,5000,1,3,140,2,0.49999792915718805,0.47982106932516755,relative f=0.3 all,0.4617491322189464,-0.08571428571428572,6,17
0.5,5000,1,3,140,2,0.49999792915718805,0.47982106932516755,hard true phase,0.44402552003181234,-0.17857142857142858,3,27
0.5,5000,1,3,140,2,0.49999792915718805,0.47982106932516755,hard true centre+phase,0.4453298429283479,-0.17142857142857143,4,27
0.5,5000,3,1,162,1,0.49846168124318113,0.49393564974725657,hard,0.48952783179000053,-0.018518518518518517,4,7
0.5,5000,3,1,162,1,0.49846168124318113,0.49393564974725657,hard all,0.5196455028444015,0.09876543209876543,20,5
0.5,5000,3,1,162,1,0.49846168124318113,0.49393564974725657,dead k=0.5,0.482425418800013,-0.04938271604938271,1,9
0.5,5000,3,1,162,1,0.49846168124318113,0.49393564974725657,dead k=1,0.47560359950587894,-0.08024691358024691,0,13
0.5,5000,3,1,162,1,0.49846168124318113,0.49393564974725657,dead k=2,0.4506742562703655,-0.2037037037037037,0,30
0.5,5000,3,1,162,1,0.49846168124318113,0.49393564974725657,dead k=0.5 all,0.4924536167548018,-0.006172839506172839,6,7
0.5,5000,3,1,162,1,0.49846168124318113,0.49393564974725657,dead k=1 all,0.47560359950587894,-0.08024691358024691,0,13
0.5,5000,3,1,162,1,0.49846168124318113,0.49393564974725657,soft t=0.5,0.49693941298766275,0.012345679012345678,7,5
0.5,5000,3,1,162,1,0.49846168124318113,0.49393564974725657,soft t=1,0.4565906798714743,-0.1728395061728395,1,29
0.5,5000,3,1,162,1,0.49846168124318113,0.49393564974725657,relative f=0.2,0.4449424217363127,-0.2345679012345679,3,36
0.5,5000,3,1,162,1,0.49846168124318113,0.49393564974725657,relative f=0.3,0.38604484854243,-0.6111111111111112,3,81
0.5,5000,3,1,162,1,0.49846168124318113,0.49393564974725657,relative f=0.3 all,0.4016875577261533,-0.5,3,67
0.5,5000,3,1,162,1,0.49846168124318113,0.49393564974725657,hard true phase,0.488083592463138,-0.024691358024691357,3,7
0.5,5000,3,1,162,1,0.49846168124318113,0.49393564974725657,hard true centre+phase,0.4852312082874556,-0.037037037037037035,2,8
0.5,5000,3,2,153,1,0.4975645553492649,0.48969854961289366,hard,0.49124276970436753,0.006535947712418301,6,5
0.5,5000,3,2,153,1,0.4975645553492649,0.48969854961289366,hard all,0.523689124760497,0.13071895424836602,20,3
0.5,5000,3,2,153,1,0.4975645553492649,0.48969854961289366,dead k=0.5,0.4836576374505255,-0.026143790849673203,4,8
0.5,5000,3,2,153,1,0.4975645553492649,0.48969854961289366,dead k=1,0.47217425790208006,-0.0784313725490196,1,11
0.5,5000,3,2,153,1,0.4975645553492649,0.48969854961289366,dead k=2,0.45497074814626376,-0.16339869281045752,0,22
0.5,5000,3,2,153,1,0.4975645553492649,0.48969854961289366,dead k=0.5 all,0.48969854961289433,0.0,6,6
0.5,5000,3,2,153,1,0.4975645553492649,0.48969854961289366,dead k=1 all,0.47217425790208006,-0.0784313725490196,1,11
0.5,5000,3,2,153,1,0.4975645553492649,0.48969854961289366,soft t=0.5,0.49596172670025507,0.026143790849673203,7,3
0.5,5000,3,2,153,1,0.4975645553492649,0.48969854961289366,soft t=1,0.461393829777601,-0.13071895424836602,3,19
0.5,5000,3,2,153,1,0.4975645553492649,0.48969854961289366,relative f=0.2,0.44276402199981785,-0.22875816993464052,3,32
0.5,5000,3,2,153,1,0.4975645553492649,0.48969854961289366,relative f=0.3,0.38320818911180693,-0.6143790849673203,1,70
0.5,5000,3,2,153,1,0.4975645553492649,0.48969854961289366,relative f=0.3 all,0.40630847460408803,-0.45098039215686275,3,60
0.5,5000,3,2,153,1,0.4975645553492649,0.48969854961289366,hard true phase,0.4912427697043676,0.006535947712418301,5,4
0.5,5000,3,2,153,1,0.4975645553492649,0.48969854961289366,hard true centre+phase,0.48665146294307576,-0.013071895424836602,4,6
0.5,5000,3,3,141,1,0.49562266348573814,0.4807459873906836,hard,0.4807459873908127,0.0,9,9
0.5,5000,3,3,141,1,0.49562266348573814,0.4807459873906836,hard all,0.5119449024921497,0.1276595744680851,17,2
0.5,5000,3,3,141,1,0.49562266348573814,0.4807459873906836,dead k=0.5,0.4670467592127491,-0.06382978723404255,3,11
0.5,5000,3,3,141,1,0.49562266348573814,0.4807459873906836,dead k=1,0.45432738339348866,-0.1276595744680851,2,19
0.5,5000,3,3,141,1,0.49562266348573814,0.4807459873906836,dead k=2,0.43368747789660067,-0.24113475177304963,1,32
0.5,5000,3,3,141,1,0.49562266348573814,0.4807459873906836,dead k=0.5 all,0.47452513350154424,-0.028368794326241134,4,7
0.5,5000,3,3,141,1,0.49562266348573814,0.4807459873906836,dead k=1 all,0.45432738339348866,-0.1276595744680851,2,19
0.5,5000,3,3,141,1,0.49562266348573814,0.4807459873906836,soft t=0.5,0.4823366198660169,0.0070921985815602835,9,9
0.5,5000,3,3,141,1,0.49562266348573814,0.4807459873906836,soft t=1,0.4603228241613718,-0.1347517730496454,2,19
0.5,5000,3,3,141,1,0.49562266348573814,0.4807459873906836,relative f=0.2,0.44116233153751516,-0.19858156028368795,7,29
0.5,5000,3,3,141,1,0.49562266348573814,0.4807459873906836,relative f=0.3,0.38427136375578674,-0.5673758865248227,6,61
0.5,5000,3,3,141,1,0.49562266348573814,0.4807459873906836,relative f=0.3 all,0.4053324956039677,-0.41843971631205673,7,50
0.5,5000,3,3,141,1,0.49562266348573814,0.4807459873906836,hard true phase,0.4823366198660169,0.0070921985815602835,9,9
0.5,5000,3,3,141,1,0.49562266348573814,0.4807459873906836,hard true centre+phase,0.47916982202286496,-0.0070921985815602835,8,9
0.5,5000,10,1,162,7,0.49846168124318113,0.49543083057312365,hard,0.5145070808203062,0.07407407407407407,14,3
0.5,5000,10,1,162,7,0.49846168124318113,0.49543083057312365,hard all,0.5782600255767376,0.2654320987654321,41,1
0.5,5000,10,1,162,7,0.49846168124318113,0.49543083057312365,dead k=0.5,0.4924536167549692,-0.012345679012345678,4,6
0.5,5000,10,1,162,7,0.49846168124318113,0.49543083057312365,dead k=1,0.4880835924629962,-0.030864197530864196,2,7
0.5,5000,10,1,162,7,0.49846168124318113,0.49543083057312365,dead k=2,0.478300313356356,-0.07407407407407407,1,12
0.5,5000,10,1,162,7,0.49846168124318113,0.49543083057312365,dead k=0.5 all,0.49846168124338336,0.012345679012345678,7,5
0.5,5000,10,1,162,7,0.49846168124318113,0.49543083057312365,dead k=1 all,0.4880835924629962,-0.030864197530864196,2,7
0.5,5000,10,1,162,7,0.49846168124318113,0.49543083057312365,soft t=0.5,0.5213955190053202,0.09876543209876543,18,3
0.5,5000,10,1,162,7,0.49846168124318113,0.49543083057312365,soft t=1,0.495430830572903,0.0,6,6
0.5,5000,10,1,162,7,0.49846168124318113,0.49543083057312365,relative f=0.2,0.42161265427612804,-0.3765432098765432,1,55
0.5,5000,10,1,162,7,0.49846168124318113,0.49543083057312365,relative f=0.3,0.35932011729759616,-0.8271604938271605,1,102
0.5,5000,10,1,162,7,0.49846168124318113,0.49543083057312365,relative f=0.3 all,0.38857122472350525,-0.5987654320987654,1,81
0.5,5000,10,1,162,7,0.49846168124318113,0.49543083057312365,hard true phase,0.5213955190054828,0.09876543209876543,17,2
0.5,5000,10,1,162,7,0.49846168124318113,0.49543083057312365,hard true centre+phase,0.5128299729046566,0.06790123456790123,14,3
0.5,5000,10,2,153,11,0.4975645553492649,0.4959617267000218,hard,0.5199529410647986,0.0915032679738562,14,0
0.5,5000,10,2,153,11,0.4975645553492649,0.4959617267000218,hard all,0.5645704158151907,0.22875816993464052,31,0
0.5,5000,10,2,153,11,0.4975645553492649,0.4959617267000218,dead k=0.5,0.5024673362824794,0.026143790849673203,6,2
0.5,5000,10,2,153,11,0.4975645553492649,0.4959617267000218,dead k=1,0.4928011685620276,-0.013071895424836602,1,3
0.5,5000,10,2,153,11,0.4975645553492649,0.4959617267000218,dead k=2,0.48665146294307576,-0.0392156862745098,0,6
0.5,5000,10,2,153,11,0.4975645553492649,0.4959617267000218,dead k=0.5 all,0.5145070808202179,0.0718954248366013,12,1
0.5,5000,10,2,153,11,0.4975645553492649,0.4959617267000218,dead k=1 all,0.4928011685620276,-0.013071895424836602,1,3
0.5,5000,10,2,153,11,0.4975645553492649,0.4959617267000218,soft t=0.5,0.5275153345607638,0.11764705882352941,18,0
0.5,5000,10,2,153,11,0.4975645553492649,0.4959617267000218,soft t=1,0.5041342516178569,0.032679738562091505,6,1
0.5,5000,10,2,153,11,0.4975645553492649,0.4959617267000218,relative f=0.2,0.415313732264707,-0.41830065359477125,0,55
0.5,5000,10,2,153,11,0.4975645553492649,0.4959617267000218,relative f=0.3,0.36318417304810285,-0.7973856209150327,0,91
0.5,5000,10,2,153,11,0.4975645553492649,0.4959617267000218,relative f=0.3 all,0.39582327364134473,-0.5490196078431373,2,70
0.5,5000,10,2,153,11,0.4975645553492649,0.4959617267000218,hard true phase,0.5255906601659541,0.1111111111111111,17,0
0.5,5000,10,2,153,11,0.4975645553492649,0.4959617267000218,hard true centre+phase,0.5145070808200378,0.0718954248366013,11,0
0.5,5000,10,3,141,16,0.49562266348573814,0.4888502820847541,hard,0.5217703494978662,0.1276595744680851,18,2
0.5,5000,10,3,141,16,0.49562266348573814,0.4888502820847541,hard all,0.5961656851055374,0.3333333333333333,42,2
0.5,5000,10,3,141,16,0.49562266348573814,0.4888502820847541,dead k=0.5,0.5008868942125695,0.04964539007092199,9,2
0.5,5000,10,3,141,16,0.49562266348573814,0.4888502820847541,dead k=1,0.48233661986614806,-0.028368794326241134,2,6
0.5,5000,10,3,141,16,0.49562266348573814,0.4888502820847541,dead k=2,0.4700002611408533,-0.0851063829787234,0,11
0.5,5000,10,3,141,16,0.49562266348573814,0.4888502820847541,dead k=0.5 all,0.5138627329794514,0.09929078014184398,15,2
0.5,5000,10,3,141,16,0.49562266348573814,0.4888502820847541,dead k=1 all,0.48233661986614806,-0.028368794326241134,2,6
0.5,5000,10,3,141,16,0.49562266348573814,0.4888502820847541,soft t=0.5,0.5322415163044437,0.16312056737588654,22,2
0.5,5000,10,3,141,16,0.49562266348573814,0.4888502820847541,soft t=1,0.49390398096277544,0.02127659574468085,7,3
0.5,5000,10,3,141,16,0.49562266348573814,0.4888502820847541,relative f=0.2,0.4042787868540313,-0.46099290780141844,1,52
0.5,5000,10,3,141,16,0.49562266348573814,0.4888502820847541,relative f=0.3,0.3548918954026198,-0.8368794326241135,0,83
0.5,5000,10,3,141,16,0.49562266348573814,0.4888502820847541,relative f=0.3 all,0.3704258895400193,-0.7092198581560284,1,72
0.5,5000,10,3,141,16,0.49562266348573814,0.4888502820847541,hard true phase,0.515803525381668,0.10638297872340426,14,2
0.5,5000,10,3,141,16,0.49562266348573814,0.4888502820847541,hard true centre+phase,0.5138627329795495,0.09929078014184398,14,1
0.7,500,1,1,98,62,0.7042267501723938,0.6280849178275829,hard,0.21145744849183126,-2.8979591836734695,0,95
0.7,500,1,1,98,62,0.7042267501723938,0.6280849178275829,hard all,0.44016642301164766,-0.6326530612244898,6,55
0.7,500,1,1,98,62,0.7042267501723938,0.6280849178275829,dead k=0.5,0.16995106935843485,-3.561224489795918,0,97
0.7,500,1,1,98,62,0.7042267501723938,0.6280849178275829,dead k=1,0.1358741874458263,-4.316326530612245,0,98
0.7,500,1,1,98,62,0.7042267501723938,0.6280849178275829,dead k=2,0.017012973195572163,-6.040816326530612,0,98
0.7,500,1,1,98,62,0.7042267501723938,0.6280849178275829,dead k=0.5 all,0.23622368016402867,-2.561224489795918,0,91
0.7,500,1,1,98,62,0.7042267501723938,0.6280849178275829,dead k=1 all,0.14937452571116663,-4.153061224489796,0,98
0.7,500,1,1,98,62,0.7042267501723938,0.6280849178275829,soft t=0.5,0.21642814709444938,-2.836734693877551,0,95
0.7,500,1,1,98,62,0.7042267501723938,0.6280849178275829,soft t=1,0.10409507764405511,-4.785714285714286,0,98
0.7,500,1,1,98,62,0.7042267501723938,0.6280849178275829,relative f=0.2,0.21642814709444938,-2.836734693877551,0,95
0.7,500,1,1,98,62,0.7042267501723938,0.6280849178275829,relative f=0.3,0.21642814709444938,-2.836734693877551,0,95
0.7,500,1,1,98,62,0.7042267501723938,0.6280849178275829,relative f=0.3 all,0.5217910290526209,-0.2653061224489796,8,32
0.7,500,1,1,98,62,0.7042267501723938,0.6280849178275829,hard true phase,0.21060428072359622,-2.877551020408163,0,96
0.7,500,1,1,98,62,0.7042267501723938,0.6280849178275829,hard true centre+phase,0.2186963002177529,-2.7448979591836733,0,94
0.7,500,1,2,88,68,0.7254497526148909,0.6117272863916544,hard,0.22096923393738593,-2.7386363636363638,0,80
0.7,500,1,2,88,68,0.7254497526148909,0.6117272863916544,hard all,0.4384382362939349,-0.6136363636363636,2,42
0.7,500,1,2,88,68,0.7254497526148909,0.6117272863916544,dead k=0.5,0.19396186186016423,-3.1704545454545454,0,87
0.7,500,1,2,88,68,0.7254497526148909,0.6117272863916544,dead k=1,0.12951562005401482,-4.056818181818182,0,88
0.7,500,1,2,88,68,0.7254497526148909,0.6117272863916544,dead k=2,0.05627680094610137,-6.136363636363637,0,88
0.7,500,1,2,88,68,0.7254497526148909,0.6117272863916544,dead k=0.5 all,0.2580853148532085,-2.25,0,82
0.7,500,1,2,88,68,0.7254497526148909,0.6117272863916544,dead k=1 all,0.13924102987682446,-3.8863636363636362,0,88
0.7,500,1,2,88,68,0.7254497526148909,0.6117272863916544,soft t=0.5,0.22373100468066495,-2.7045454545454546,1,79
0.7,500,1,2,88,68,0.7254497526148909,0.6117272863916544,soft t=1,0.13814887834921827,-4.5227272727272725,0,87
0.7,500,1,2,88,68,0.7254497526148909,0.6117272863916544,relative f=0.2,0.22373100468066495,-2.7045454545454546,1,79
0.7,500,1,2,88,68,0.7254497526148909,0.6117272863916544,relative f=0.3,0.22188907267097327,-2.727272727272727,0,79
0.7,500,1,2,88,68,0.7254497526148909,0.6117272863916544,relative f=0.3 all,0.5382629451711272,-0.18181818181818182,9,20
0.7,500,1,2,88,68,0.7254497526148909,0.6117272863916544,hard true phase,0.22557617594184584,-2.6818181818181817,0,83
0.7,500,1,2,88,68,0.7254497526148909,0.6117272863916544,hard true centre+phase,0.23639705134238592,-2.5,0,84
0.7,500,1,3,78,64,0.6745544332433857,0.612977785720437,hard,0.2122850466142375,-2.858974358974359,0,77
0.7,500,1,3,78,64,0.6745544332433857,0.612977785720437,hard all,0.40343171948159184,-0.8333333333333334,3,48
0.7,500,1,3,78,64,0.6745544332433857,0.612977785720437,dead k=0.5,0.17661689470843345,-3.3333333333333335,0,78
0.7,500,1,3,78,64,0.6745544332433857,0.612977785720437,dead k=1,0.13973542913856615,-4.064102564102564,0,78
0.7,500,1,3,78,64,0.6745544332433857,0.612977785720437,dead k=2,0.06424823750791518,-5.935897435897436,0,78
0.7,500,1,3,78,64,0.6745544332433857,0.612977785720437,dead k=0.5 all,0.25505375781039924,-2.2948717948717947,1,73
0.7,500,1,3,78,64,0.6745544332433857,0.612977785720437,dead k=1 all,0.14396016385424637,-3.8974358974358974,0,78
0.7,500,1,3,78,64,0.6745544332433857,0.612977785720437,soft t=0.5,0.2185035816499601,-2.782051282051282,0,77
0.7,500,1,3,78,64,0.6745544332433857,0.612977785720437,soft t=1,0.13503097652220666,-4.628205128205129,0,77
0.7,500,1,3,78,64,0.6745544332433857,0.612977785720437,relative f=0.2,0.2185035816499601,-2.782051282051282,0,77
0.7,500,1,3,78,64,0.6745544332433857,0.612977785720437,relative f=0.3,0.21746549842636315,-2.7948717948717947,0,77
0.7,500,1,3,78,64,0.6745544332433857,0.612977785720437,relative f=0.3 all,0.4627063254662554,-0.48717948717948717,3,27
0.7,500,1,3,78,64,0.6745544332433857,0.612977785720437,hard true phase,0.21435543738730617,-2.8333333333333335,0,78
0.7,500,1,3,78,64,0.6745544332433857,0.612977785720437,hard true centre+phase,0.21924935182192196,-2.6794871794871793,0,76
0.7,500,3,1,113,115,0.7272904163807967,0.6841226266218412,hard,0.42616289507465854,-0.7876106194690266,0,59
0.7,500,3,1,113,115,0.7272904163807967,0.6841226266218412,hard all,0.6605677307442205,-0.02654867256637168,9,11
0.7,500,3,1,113,115,0.7272904163807967,0.6841226266218412,dead k=0.5,0.3680417352057937,-1.1946902654867257,0,78
0.7,500,3,1,113,115,0.7272904163807967,0.6841226266218412,dead k=1,0.291291450232883,-1.920353982300885,0,101
0.7,500,3,1,113,115,0.7272904163807967,0.6841226266218412,dead k=2,0.127126635867024,-4.415929203539823,0,113
0.7,500,3,1,113,115,0.7272904163807967,0.6841226266218412,dead k=0.5 all,0.42911622190280524,-0.7699115044247787,1,56
0.7,500,3,1,113,115,0.7272904163807967,0.6841226266218412,dead k=1 all,0.3046006168649337,-1.7787610619469028,0,99
0.7,500,3,1,113,115,0.7272904163807967,0.6841226266218412,soft t=0.5,0.45287183883418947,-0.6371681415929203,1,50
0.7,500,3,1,113,115,0.7272904163807967,0.6841226266218412,soft t=1,0.3622465303858663,-1.2831858407079646,0,84
0.7,500,3,1,113,115,0.7272904163807967,0.6841226266218412,relative f=0.2,0.4462355460809583,-0.672566371681416,1,52
0.7,500,3,1,113,115,0.7272904163807967,0.6841226266218412,relative f=0.3,0.41340255271980403,-0.8672566371681416,0,66
0.7,500,3,1,113,115,0.7272904163807967,0.6841226266218412,relative f=0.3 all,0.6410939504966271,-0.05309734513274336,8,11
0.7,500,3,1,113,115,0.7272904163807967,0.6841226266218412,hard true phase,0.42616289507465854,-0.7876106194690266,1,57
0.7,500,3,1,113,115,0.7272904163807967,0.6841226266218412,hard true centre+phase,0.43982871274178587,-0.7079646017699115,2,56
0.7,500,3,2,109,99,0.7248222052207235,0.6812637167666744,hard,0.4194900413596812,-0.8256880733944955,2,63
0.7,500,3,2,109,99,0.7248222052207235,0.6812637167666744,hard all,0.6905121807474452,0.009174311926605505,6,6
0.7,500,3,2,109,99,0.7248222052207235,0.6812637167666744,dead k=0.5,0.3556965407443516,-1.2935779816513762,0,81
0.7,500,3,2,109,99,0.7248222052207235,0.6812637167666744,dead k=1,0.2929829345680295,-1.8990825688073394,0,96
0.7,500,3,2,109,99,0.7248222052207235,0.6812637167666744,dead k=2,0.12719014537208287,-4.486238532110092,0,109
0.7,500,3,2,109,99,0.7248222052207235,0.6812637167666744,dead k=0.5 all,0.4496303635065194,-0.6513761467889908,2,53
0.7,500,3,2,109,99,0.7248222052207235,0.6812637167666744,dead k=1 all,0.3095557163114497,-1.724770642201835,0,92
0.7,500,3,2,109,99,0.7248222052207235,0.6812637167666744,soft t=0.5,0.44287242955305606,-0.6880733944954128,3,55
0.7,500,3,2,109,99,0.7248222052207235,0.6812637167666744,soft t=1,0.35569654074435186,-1.2935779816513762,2,78
0.7,500,3,2,109,99,0.7248222052207235,0.6812637167666744,relative f=0.2,0.43635080193545966,-0.7247706422018348,3,57
0.7,500,3,2,109,99,0.7248222052207235,0.6812637167666744,relative f=0.3,0.41087497275018375,-0.8807339449541285,3,65
0.7,500,3,2,109,99,0.7248222052207235,0.6812637167666744,relative f=0.3 all,0.7006733203260704,0.01834862385321101,8,7
0.7,500,3,2,109,99,0.7248222052207235,0.6812637167666744,hard true phase,0.41087497275018375,-0.8807339449541285,2,68
0.7,500,3,2,109,99,0.7248222052207235,0.6812637167666744,hard true centre+phase,0.4165762239491604,-0.8440366972477065,2,67
0.7,500,3,3,103,88,0.7360431012260904,0.6861004504737807,hard,0.4299414970827215,-0.7669902912621359,1,57
0.7,500,3,3,103,88,0.7360431012260904,0.6861004504737807,hard all,0.7078833849319711,0.019417475728155338,7,5
0.7,500,3,3,103,88,0.7360431012260904,0.6861004504737807,dead k=0.5,0.3695683046599435,-1.1844660194174756,0,72
0.7,500,3,3,103,88,0.7360431012260904,0.6861004504737807,dead k=1,0.2966946063886419,-1.8640776699029127,0,89
0.7,500,3,3,103,88,0.7360431012260904,0.6861004504737807,dead k=2,0.13432156655510116,-4.165048543689321,0,103
0.7,500,3,3,103,88,0.7360431012260904,0.6861004504737807,dead k=0.5 all,0.44353402728166397,-0.6893203883495146,3,56
0.7,500,3,3,103,88,0.7360431012260904,0.6861004504737807,dead k=1 all,0.3106566644097359,-1.7184466019417475,1,88
0.7,500,3,3,103,88,0.7360431012260904,0.6861004504737807,soft t=0.5,0.4453044289133514,-0.6796116504854369,1,54
0.7,500,3,3,103,88,0.7360431012260904,0.6861004504737807,soft t=1,0.36119606305243734,-1.2524271844660195,0,77
0.7,500,3,3,103,88,0.7360431012260904,0.6861004504737807,relative f=0.2,0.4383213613193027,-0.7184466019417476,1,57
0.7,500,3,3,103,88,0.7360431012260904,0.6861004504737807,relative f=0.3,0.41269750634091523,-0.8737864077669902,1,61
0.7,500,3,3,103,88,0.7360431012260904,0.6861004504737807,relative f=0.3 all,0.7208994431772334,0.02912621359223301,7,4
0.7,500,3,3,103,88,0.7360431012260904,0.6861004504737807,hard true phase,0.4172513114912864,-0.8446601941747572,0,63
0.7,500,3,3,103,88,0.7360431012260904,0.6861004504737807,hard true centre+phase,0.4187930085001282,-0.8349514563106796,0,62
0.7,500,10,1,139,291,0.7183249909006979,0.7087633192068731,hard,0.671178929756154,-0.03597122302158273,3,9
0.7,500,10,1,139,291,0.7183249909006979,0.7087633192068731,hard all,0.8268294054245966,0.050359712230215826,6,0
0.7,500,10,1,139,291,0.7183249909006979,0.7087633192068731,dead k=0.5,0.5729051701410058,-0.20863309352517986,1,29
0.7,500,10,1,139,291,0.7183249909006979,0.7087633192068731,dead k=1,0.4903856060319103,-0.48201438848920863,1,53
0.7,500,10,1,139,291,0.7183249909006979,0.7087633192068731,dead k=2,0.2966292451896411,-1.8848920863309353,0,125
0.7,500,10,1,139,291,0.7183249909006979,0.7087633192068731,dead k=0.5 all,0.6776934642534503,-0.02877697841726619,2,7
0.7,500,10,1,139,291,0.7183249909006979,0.7087633192068731,dead k=1 all,0.5045566376734775,-0.4244604316546763,1,46
0.7,500,10,1,139,291,0.7183249909006979,0.7087633192068731,soft t=0.5,0.728973583480373,0.014388489208633094,4,3
0.7,500,10,1,139,291,0.7183249909006979,0.7087633192068731,soft t=1,0.6483697777321767,-0.06474820143884892,3,12
0.7,500,10,1,139,291,0.7183249909006979,0.7087633192068731,relative f=0.2,0.5881289990287271,-0.17266187050359713,2,25
0.7,500,10,1,139,291,0.7183249909006979,0.7087633192068731,relative f=0.3,0.4886951218546154,-0.4892086330935252,0,56
0.7,500,10,1,139,291,0.7183249909006979,0.7087633192068731,relative f=0.3 all,0.8268294054245966,0.050359712230215826,7,1
0.7,500,10,1,139,291,0.7183249909006979,0.7087633192068731,hard true phase,0.6846288419315664,-0.02158273381294964,3,7
0.7,500,10,1,139,291,0.7183249909006979,0.7087633192068731,hard true centre+phase,0.6536592346595433,-0.05755395683453238,1,10
0.7,500,10,2,137,247,0.7077058652206827,0.7077058652206827,hard,0.6470934365561888,-0.06569343065693431,7,16
0.7,500,10,2,137,247,0.7077058652206827,0.7077058652206827,hard all,0.9998722391124073,0.058394160583941604,8,0
0.7,500,10,2,137,247,0.7077058652206827,0.7077058652206827,dead k=0.5,0.5742809723244059,-0.20437956204379562,4,30
0.7,500,10,2,137,247,0.7077058652206827,0.7077058652206827,dead k=1,0.491980369657819,-0.4744525547445255,1,53
0.7,500,10,2,137,247,0.7077058652206827,0.7077058652206827,dead k=2,0.2933412872815276,-1.9781021897810218,0,122
0.7,500,10,2,137,247,0.7077058652206827,0.7077058652206827,dead k=0.5 all,0.6989711991038638,-0.0072992700729927005,8,9
0.7,500,10,2,137,247,0.7077058652206827,0.7077058652206827,dead k=1 all,0.5266976423033323,-0.34306569343065696,2,43
0.7,500,10,2,137,247,0.7077058652206827,0.7077058652206827,soft t=0.5,0.6989711991038638,-0.0072992700729927005,7,8
0.7,500,10,2,137,247,0.7077058652206827,0.7077058652206827,soft t=1,0.6235970472612244,-0.10218978102189781,5,19
0.7,500,10,2,137,247,0.7077058652206827,0.7077058652206827,relative f=0.2,0.5834416657047984,-0.18248175182481752,4,29
0.7,500,10,2,137,247,0.7077058652206827,0.7077058652206827,relative f=0.3,0.500912920814685,-0.43795620437956206,4,56
0.7,500,10,2,137,247,0.7077058652206827,0.7077058652206827,relative f=0.3 all,0.793316933861547,0.043795620437956206,8,2
0.7,500,10,2,137,247,0.7077058652206827,0.7077058652206827,hard true phase,0.6470934365561888,-0.06569343065693431,6,14
0.7,500,10,2,137,247,0.7077058652206827,0.7077058652206827,hard true centre+phase,0.6193907662774673,-0.10948905109489052,5,19
0.7,500,10,3,122,238,0.6991083736069161,0.6991083736069161,hard,0.6741740169815732,-0.02459016393442623,5,8
0.7,500,10,3,122,238,0.6991083736069161,0.6991083736069161,hard all,0.9998733953929728,0.06557377049180328,7,0
0.7,500,10,3,122,238,0.6991083736069161,0.6991083736069161,dead k=0.5,0.5778390791694701,-0.1885245901639344,2,24
0.7,500,10,3,122,238,0.6991083736069161,0.6991083736069161,dead k=1,0.5127752781585695,-0.38524590163934425,2,41
0.7,500,10,3,122,238,0.6991083736069161,0.6991083736069161,dead k=2,0.29437149437838656,-1.9672131147540983,0,107
0.7,500,10,3,122,238,0.6991083736069161,0.6991083736069161,dead k=0.5 all,0.6670087248571313,-0.03278688524590164,6,10
0.7,500,10,3,122,238,0.6991083736069161,0.6991083736069161,dead k=1 all,0.5366159296309991,-0.30327868852459017,2,35
0.7,500,10,3,122,238,0.6991083736069161,0.6991083736069161,soft t=0.5,0.7089873705650321,0.00819672131147541,6,5
0.7,500,10,3,122,238,0.6991083736069161,0.6991083736069161,soft t=1,0.6421775176822115,-0.06557377049180328,5,13
0.7,500,10,3,122,238,0.6991083736069161,0.6991083736069161,relative f=0.2,0.5778390791694701,-0.1885245901639344,4,24
0.7,500,10,3,122,238,0.6991083736069161,0.6991083736069161,relative f=0.3,0.5020599935659524,-0.4262295081967213,1,44
0.7,500,10,3,122,238,0.6991083736069161,0.6991083736069161,relative f=0.3 all,0.7645395322398524,0.040983606557377046,7,3
0.7,500,10,3,122,238,0.6991083736069161,0.6991083736069161,hard true phase,0.653925681747235,-0.04918032786885246,6,13
0.7,500,10,3,122,238,0.6991083736069161,0.6991083736069161,hard true centre+phase,0.6314845726663748,-0.08196721311475409,5,16
0.7,5000,1,1,162,0,0.711324953479419,0.6475427904881653,hard,0.6035975321103603,-0.07407407407407407,7,18
0.7,5000,1,1,162,0,0.711324953479419,0.6475427904881653,hard all,0.6273220121096822,-0.030864197530864196,9,14
0.7,5000,1,1,162,0,0.711324953479419,0.6475427904881653,dead k=0.5,0.5889458028062897,-0.10493827160493827,7,23
0.7,5000,1,1,162,0,0.711324953479419,0.6475427904881653,dead k=1,0.5683298907617909,-0.15432098765432098,6,29
0.7,5000,1,1,162,0,0.711324953479419,0.6475427904881653,dead k=2,0.5015484605545723,-0.37037037037037035,5,53
0.7,5000,1,1,162,0,0.711324953479419,0.6475427904881653,dead k=0.5 all,0.5946166014114096,-0.09259259259259259,7,21
0.7,5000,1,1,162,0,0.711324953479419,0.6475427904881653,dead k=1 all,0.5683298907617909,-0.15432098765432098,6,29
0.7,5000,1,1,162,0,0.711324953479419,0.6475427904881653,soft t=0.5,0.6035975321103603,-0.07407407407407407,7,18
0.7,5000,1,1,162,0,0.711324953479419,0.6475427904881653,soft t=1,0.521395519005482,-0.2962962962962963,4,46
0.7,5000,1,1,162,0,0.711324953479419,0.6475427904881653,relative f=0.2,0.6035975321103603,-0.07407407407407407,7,18
0.7,5000,1,1,162,0,0.711324953479419,0.6475427904881653,relative f=0.3,0.5889458028062897,-0.10493827160493827,7,23
0.7,5000,1,1,162,0,0.711324953479419,0.6475427904881653,relative f=0.3 all,0.600536255794593,-0.08024691358024691,7,20
0.7,5000,1,1,162,0,0.711324953479419,0.6475427904881653,hard true phase,0.6132340085645981,-0.05555555555555555,7,15
0.7,5000,1,1,162,0,0.711324953479419,0.6475427904881653,hard true centre+phase,0.6067314188930518,-0.06790123456790123,5,15
0.7,5000,1,2,153,0,0.7156670799575038,0.6789737976053676,hard,0.621958358454888,-0.0784313725490196,2,13
0.7,5000,1,2,153,0,0.7156670799575038,0.6789737976053676,hard all,0.6517645459595164,-0.032679738562091505,5,10
0.7,5000,1,2,153,0,0.7156670799575038,0.6789737976053676,dead k=0.5,0.5978923818328653,-0.12418300653594772,2,19
0.7,5000,1,2,153,0,0.7156670799575038,0.6789737976053676,dead k=1,0.5573308317748943,-0.2222222222222222,1,32
0.7,5000,1,2,153,0,0.7156670799575038,0.6789737976053676,dead k=2,0.49280116856186906,-0.4444444444444444,1,58
0.7,5000,1,2,153,0,0.7156670799575038,0.6789737976053676,dead k=0.5 all,0.6076675633520434,-0.10457516339869281,2,17
0.7,5000,1,2,153,0,0.7156670799575038,0.6789737976053676,dead k=1 all,0.5573308317748943,-0.2222222222222222,1,32
0.7,5000,1,2,153,0,0.7156670799575038,0.6789737976053676,soft t=0.5,0.621958358454888,-0.0784313725490196,2,13
0.7,5000,1,2,153,0,0.7156670799575038,0.6789737976053676,soft t=1,0.5008169997534693,-0.4117647058823529,2,52
0.7,5000,1,2,153,0,0.7156670799575038,0.6789737976053676,relative f=0.2,0.621958358454888,-0.0784313725490196,2,13
0.7,5000,1,2,153,0,0.7156670799575038,0.6789737976053676,relative f=0.3,0.5858761729132425,-0.1503267973856209,2,20
0.7,5000,1,2,153,0,0.7156670799575038,0.6789737976053676,relative f=0.3 all,0.6146142887265807,-0.0915032679738562,2,14
0.7,5000,1,2,153,0,0.7156670799575038,0.6789737976053676,hard true phase,0.621958358454888,-0.0784313725490196,2,13
0.7,5000,1,2,153,0,0.7156670799575038,0.6789737976053676,hard true centre+phase,0.6146142887265792,-0.0915032679738562,2,15
0.7,5000,1,3,141,1,0.7011292726481007,0.6662242876403649,hard,0.614159553183477,-0.07801418439716312,2,13
0.7,5000,1,3,141,1,0.7011292726481007,0.6662242876403649,hard all,0.6306165518366298,-0.04964539007092199,2,9
0.7,5000,1,3,141,1,0.7011292726481007,0.6662242876403649,dead k=0.5,0.5995739089964578,-0.10638297872340426,2,17
0.7,5000,1,3,141,1,0.7011292726481007,0.6662242876403649,dead k=1,0.5687898510061867,-0.1773049645390071,1,25
0.7,5000,1,3,141,1,0.7011292726481007,0.6662242876403649,dead k=2,0.5063230652808249,-0.375886524822695,1,49
0.7,5000,1,3,141,1,0.7011292726481007,0.6662242876403649,dead k=0.5 all,0.6066639565779434,-0.09219858156028368,2,15
0.7,5000,1,3,141,1,0.7011292726481007,0.6662242876403649,dead k=1 all,0.5687898510061867,-0.1773049645390071,1,25
0.7,5000,1,3,141,1,0.7011292726481007,0.6662242876403649,soft t=0.5,0.614159553183477,-0.07801418439716312,2,13
0.7,5000,1,3,141,1,0.7011292726481007,0.6662242876403649,soft t=1,0.4956226634862546,-0.41843971631205673,2,50
0.7,5000,1,3,141,1,0.7011292726481007,0.6662242876403649,relative f=0.2,0.614159553183477,-0.07801418439716312,2,13
0.7,5000,1,3,141,1,0.7011292726481007,0.6662242876403649,relative f=0.3,0.5961656851055355,-0.11347517730496454,2,18
0.7,5000,1,3,141,1,0.7011292726481007,0.6662242876403649,relative f=0.3 all,0.6066639565779434,-0.09219858156028368,2,15
0.7,5000,1,3,141,1,0.7011292726481007,0.6662242876403649,hard true phase,0.6103576877899942,-0.0851063829787234,2,14
0.7,5000,1,3,141,1,0.7011292726481007,0.6662242876403649,hard true centre+phase,0.614159553183477,-0.07801418439716312,2,13
0.7,5000,3,1,162,3,0.711324953479419,0.7036200503167335,hard,0.6835285142689652,-0.018518518518518517,1,4
0.7,5000,3,1,162,3,0.711324953479419,0.7036200503167335,hard all,0.711324953479419,0.006172839506172839,2,1
0.7,5000,3,1,162,3,0.711324953479419,0.7036200503167335,dead k=0.5,0.6720017235102027,-0.030864197530864196,1,6
0.7,5000,3,1,162,3,0.711324953479419,0.7036200503167335,dead k=1,0.6615761825247805,-0.043209876543209874,0,7
0.7,5000,3,1,162,3,0.711324953479419,0.7036200503167335,dead k=2,0.6200821593829646,-0.10493827160493827,0,16
0.7,5000,3,1,162,3,0.711324953479419,0.7036200503167335,dead k=0.5 all,0.6720017235102027,-0.030864197530864196,1,6
0.7,5000,3,1,162,3,0.711324953479419,0.7036200503167335,dead k=1 all,0.6615761825247805,-0.043209876543209874,0,7
0.7,5000,3,1,162,3,0.711324953479419,0.7036200503167335,soft t=0.5,0.6835285142689652,-0.018518518518518517,1,4
0.7,5000,3,1,162,3,0.711324953479419,0.7036200503167335,soft t=1,0.6432173984020652,-0.06790123456790123,0,11
0.7,5000,3,1,162,3,0.711324953479419,0.7036200503167335,relative f=0.2,0.5782600255767376,-0.19135802469135801,1,29
0.7,5000,3,1,162,3,0.711324953479419,0.7036200503167335,relative f=0.3,0.5078998750323771,-0.4074074074074074,0,56
0.7,5000,3,1,162,3,0.711324953479419,0.7036200503167335,relative f=0.3 all,0.5231649401190555,-0.35185185185185186,1,50
0.7,5000,3,1,162,3,0.711324953479419,0.7036200503167335,hard true phase,0.6897982915962148,-0.012345679012345678,1,3
0.7,5000,3,1,162,3,0.711324953479419,0.7036200503167335,hard true centre+phase,0.6835285142689652,-0.018518518518518517,1,4
0.7,5000,3,2,153,2,0.7156670799575038,0.7071700499603241,hard,0.6853339013864973,-0.0196078431372549,1,4
0.7,5000,3,2,153,2,0.7156670799575038,0.7071700499603241,hard all,0.6921049981675559,-0.013071895424836602,1,3
0.7,5000,3,2,153,2,0.7156670799575038,0.7071700499603241,dead k=0.5,0.6729707097924584,-0.032679738562091505,0,5
0.7,5000,3,2,153,2,0.7156670799575038,0.7071700499603241,dead k=1,0.6618693136284857,-0.0457516339869281,0,7
0.7,5000,3,2,153,2,0.7156670799575038,0.7071700499603241,dead k=2,0.6146142887265807,-0.11764705882352941,0,18
0.7,5000,3,2,153,2,0.7156670799575038,0.7071700499603241,dead k=0.5 all,0.6789737976063482,-0.026143790849673203,0,4
0.7,5000,3,2,153,2,0.7156670799575038,0.7071700499603241,dead k=1 all,0.6618693136284857,-0.0457516339869281,0,7
0.7,5000,3,2,153,2,0.7156670799575038,0.7071700499603241,soft t=0.5,0.6853339013864973,-0.0196078431372549,1,4
0.7,5000,3,2,153,2,0.7156670799575038,0.7071700499603241,soft t=1,0.6380825589993938,-0.0784313725490196,0,12
0.7,5000,3,2,153,2,0.7156670799575038,0.7071700499603241,relative f=0.2,0.5670658299099366,-0.2222222222222222,0,34
0.7,5000,3,2,153,2,0.7156670799575038,0.7071700499603241,relative f=0.3,0.48969854961304926,-0.48366013071895425,0,65
0.7,5000,3,2,153,2,0.7156670799575038,0.7071700499603241,relative f=0.3 all,0.5127318572083203,-0.39215686274509803,0,55
0.7,5000,3,2,153,2,0.7156670799575038,0.7071700499603241,hard true phase,0.6729707097924584,-0.032679738562091505,0,5
0.7,5000,3,2,153,2,0.7156670799575038,0.7071700499603241,hard true centre+phase,0.6789737976063482,-0.026143790849673203,0,4
0.7,5000,3,3,141,2,0.7011292726481007,0.6857531775521201,hard,0.6662242876403653,-0.02127659574468085,1,4
0.7,5000,3,3,141,2,0.7011292726481007,0.6857531775521201,hard all,0.6931524829493406,0.0070921985815602835,3,3
0.7,5000,3,3,141,2,0.7011292726481007,0.6857531775521201,dead k=0.5,0.6604173750290365,-0.028368794326241134,0,4
0.7,5000,3,3,141,2,0.7011292726481007,0.6857531775521201,dead k=1,0.6604173750290365,-0.028368794326241134,0,4
0.7,5000,3,3,141,2,0.7011292726481007,0.6857531775521201,dead k=2,0.5995739089964246,-0.1276595744680851,0,17
0.7,5000,3,3,141,2,0.7011292726481007,0.6857531775521201,dead k=0.5 all,0.6662242876395966,-0.02127659574468085,1,4
0.7,5000,3,3,141,2,0.7011292726481007,0.6857531775521201,dead k=1 all,0.6604173750290365,-0.028368794326241134,0,4
0.7,5000,3,3,141,2,0.7011292726481007,0.6857531775521201,soft t=0.5,0.6662242876403653,-0.02127659574468085,1,4
0.7,5000,3,3,141,2,0.7011292726481007,0.6857531775521201,soft t=1,0.6496233665550785,-0.0425531914893617,1,7
0.7,5000,3,3,141,2,0.7011292726481007,0.6857531775521201,relative f=0.2,0.5864279785626717,-0.15602836879432624,1,22
0.7,5000,3,3,141,2,0.7011292726481007,0.6857531775521201,relative f=0.3,0.5100494092144174,-0.3829787234042553,1,50
0.7,5000,3,3,141,2,0.7011292726481007,0.6857531775521201,relative f=0.3 all,0.5434671128534665,-0.2695035460992908,1,35
0.7,5000,3,3,141,2,0.7011292726481007,0.6857531775521201,hard true phase,0.6604173750290365,-0.028368794326241134,0,4
0.7,5000,3,3,141,2,0.7011292726481007,0.6857531775521201,hard true centre+phase,0.6604173750290365,-0.028368794326241134,0,4
0.7,5000,10,1,162,23,0.711324953479419,0.7036200503167335,hard,0.7036200503164506,0.0,2,2
0.7,5000,10,1,162,23,0.711324953479419,0.7036200503167335,hard all,0.7507751161046518,0.030864197530864196,6,1
0.7,5000,10,1,162,23,0.711324953479419,0.7036200503167335,dead k=0.5,0.696473264874708,-0.006172839506172839,1,2
0.7,5000,10,1,162,23,0.711324953479419,0.7036200503167335,dead k=1,0.696473264874708,-0.006172839506172839,1,2
0.7,5000,10,1,162,23,0.711324953479419,0.7036200503167335,dead k=2,0.6897982915962267,-0.012345679012345678,1,3
0.7,5000,10,1,162,23,0.711324953479419,0.7036200503167335,dead k=0.5 all,0.7113249534794189,0.006172839506172839,3,2
0.7,5000,10,1,162,23,0.711324953479419,0.7036200503167335,dead k=1 all,0.696473264874708,-0.006172839506172839,1,2
0.7,5000,10,1,162,23,0.711324953479419,0.7036200503167335,soft t=0.5,0.7113249534794189,0.006172839506172839,2,1
0.7,5000,10,1,162,23,0.711324953479419,0.7036200503167335,soft t=1,0.7113249534794189,0.006172839506172839,2,1
0.7,5000,10,1,162,23,0.711324953479419,0.7036200503167335,relative f=0.2,0.5304472019820927,-0.3271604938271605,0,49
0.7,5000,10,1,162,23,0.711324953479419,0.7036200503167335,relative f=0.3,0.4690377128156108,-0.5740740740740741,0,77
0.7,5000,10,1,162,23,0.711324953479419,0.7036200503167335,relative f=0.3 all,0.489527831790294,-0.48148148148148145,0,66
0.7,5000,10,1,162,23,0.711324953479419,0.7036200503167335,hard true phase,0.7036200503164506,0.0,2,2
0.7,5000,10,1,162,23,0.711324953479419,0.7036200503167335,hard true centre+phase,0.7036200503164506,0.0,2,2
0.7,5000,10,2,153,13,0.7156670799575038,0.7156670799575038,hard,0.7471884704261852,0.0196078431372549,3,0
0.7,5000,10,2,153,13,0.7156670799575038,0.7156670799575038,hard all,0.9998890418063969,0.05228758169934641,8,0
0.7,5000,10,2,153,13,0.7156670799575038,0.7156670799575038,dead k=0.5,0.7250022365510939,0.006535947712418301,1,0
0.7,5000,10,2,153,13,0.7156670799575038,0.7156670799575038,dead k=1,0.7156670799575038,0.0,0,0
0.7,5000,10,2,153,13,0.7156670799575038,0.7156670799575038,dead k=2,0.6993545027767127,-0.013071895424836602,0,2
0.7,5000,10,2,153,13,0.7156670799575038,0.7156670799575038,dead k=0.5 all,0.7250022365510939,0.006535947712418301,1,0
0.7,5000,10,2,153,13,0.7156670799575038,0.7156670799575038,dead k=1 all,0.7156670799575038,0.0,0,0
0.7,5000,10,2,153,13,0.7156670799575038,0.7156670799575038,soft t=0.5,0.7609054760758267,0.026143790849673203,4,0
0.7,5000,10,2,153,13,0.7156670799575038,0.7156670799575038,soft t=1,0.7353984935114866,0.013071895424836602,2,0
0.7,5000,10,2,153,13,0.7156670799575038,0.7156670799575038,relative f=0.2,0.5236891247604154,-0.35947712418300654,0,46
0.7,5000,10,2,153,13,0.7156670799575038,0.7156670799575038,relative f=0.3,0.44634208632260247,-0.6993464052287581,0,85
0.7,5000,10,2,153,13,0.7156670799575038,0.7156670799575038,relative f=0.3 all,0.46941725435168763,-0.5816993464052288,0,69
0.7,5000,10,2,153,13,0.7156670799575038,0.7156670799575038,hard true phase,0.7471884704261852,0.0196078431372549,3,0
0.7,5000,10,2,153,13,0.7156670799575038,0.7156670799575038,hard true centre+phase,0.7471884704261852,0.0196078431372549,3,0
0.7,5000,10,3,141,16,0.7011292726481007,0.7011292726481007,hard,0.7193291956253463,0.014184397163120567,2,0
0.7,5000,10,3,141,16,0.7011292726481007,0.7011292726481007,hard all,0.7559730173100121,0.03546099290780142,5,0
0.7,5000,10,3,141,16,0.7011292726481007,0.7011292726481007,dead k=0.5,0.7098015863995824,0.0070921985815602835,1,0
0.7,5000,10,3,141,16,0.7011292726481007,0.7011292726481007,dead k=1,0.7098015863995824,0.0070921985815602835,1,0
0.7,5000,10,3,141,16,0.7011292726481007,0.7011292726481007,dead k=2,0.7011292726481007,0.0,1,1
0.7,5000,10,3,141,16,0.7011292726481007,0.7011292726481007,dead k=0.5 all,0.7193291956253463,0.014184397163120567,2,0
0.7,5000,10,3,141,16,0.7011292726481007,0.7011292726481007,dead k=1 all,0.7193291956253463,0.014184397163120567,2,0
0.7,5000,10,3,141,16,0.7011292726481007,0.7011292726481007,soft t=0.5,0.741972932018271,0.028368794326241134,4,0
0.7,5000,10,3,141,16,0.7011292726481007,0.7011292726481007,soft t=1,0.7098015863995824,0.0070921985815602835,1,0
0.7,5000,10,3,141,16,0.7011292726481007,0.7011292726481007,relative f=0.2,0.534422313578043,-0.3120567375886525,0,36
0.7,5000,10,3,141,16,0.7011292726481007,0.7011292726481007,relative f=0.3,0.44501448683358474,-0.6950354609929078,0,71
0.7,5000,10,3,141,16,0.7011292726481007,0.7011292726481007,relative f=0.3 all,0.47000026114095794,-0.5673758865248227,0,61
0.7,5000,10,3,141,16,0.7011292726481007,0.7011292726481007,hard true phase,0.7193291956253463,0.014184397163120567,2,0
0.7,5000,10,3,141,16,0.7011292726481007,0.7011292726481007,hard true centre+phase,0.7098015863995824,0.0070921985815602835,1,0
